,магазин,день,кол-во
0,магазин 3,2019-01-02,1
1,магазин 2,2019-01-02,3
2,магазин 1,2019-01-02,48
3,магазин 3,2019-01-03,3
4,магазин 1,2019-01-03,87
5,магазин 1,2019-01-04,68
6,магазин 3,2019-01-04,4
7,магазин 2,2019-01-04,1
8,магазин 1,2019-01-05,75
9,магазин 3,2019-01-05,6
10,магазин 2,2019-01-05,9
11,магазин 3,2019-01-06,5
12,магазин 1,2019-01-06,70
13,магазин 2,2019-01-06,1
14,магазин 2,2019-01-07,2
15,магазин 1,2019-01-07,71
16,магазин 3,2019-01-07,7
17,магазин 3,2019-01-08,3
18,магазин 1,2019-01-08,85
19,магазин 2,2019-01-08,2
20,магазин 1,2019-01-09,50
21,магазин 3,2019-01-09,2
22,магазин 1,2019-01-10,47
23,магазин 3,2019-01-10,4
24,магазин 2,2019-01-10,4
25,магазин 2,2019-01-11,8
26,магазин 1,2019-01-11,45
27,магазин 3,2019-01-11,2
28,магазин 2,2019-01-12,11
29,магазин 3,2019-01-12,7
30,магазин 1,2019-01-12,99
31,магазин 2,2019-01-13,2
32,магазин 3,2019-01-13,3
33,магазин 1,2019-01-13,98
34,магазин 2,2019-01-14,8
35,магазин 1,2019-01-14,43
36,магазин 3,2019-01-14,2
37,магазин 3,2019-01-15,3
38,магазин 1,2019-01-15,58
39,магазин 2,2019-01-15,9
40,магазин 2,2019-01-16,14
41,магазин 1,2019-01-16,51
42,магазин 3,2019-01-16,5
43,магазин 2,2019-01-17,2
44,магазин 1,2019-01-17,34
45,магазин 3,2019-01-17,2
46,магазин 2,2019-01-18,2
47,магазин 1,2019-01-18,62
48,магазин 3,2019-01-18,7
49,магазин 1,2019-01-19,81
50,магазин 3,2019-01-19,1
51,магазин 2,2019-01-19,2
52,магазин 3,2019-01-20,1
53,магазин 2,2019-01-20,5
54,магазин 1,2019-01-20,71
55,магазин 2,2019-01-21,5
56,магазин 1,2019-01-21,52
57,магазин 3,2019-01-21,4
58,магазин 1,2019-01-22,40
59,магазин 3,2019-01-22,4
60,магазин 2,2019-01-22,14
61,магазин 1,2019-01-23,62
62,магазин 2,2019-01-23,5
63,магазин 3,2019-01-23,3
64,магазин 3,2019-01-24,7
65,магазин 1,2019-01-24,36
66,магазин 2,2019-01-24,3
67,магазин 2,2019-01-25,5
68,магазин 1,2019-01-25,48
69,магазин 3,2019-01-25,3
70,магазин 3,2019-01-26,2
71,магазин 2,2019-01-26,4
72,магазин 1,2019-01-26,61
73,магазин 3,2019-01-27,6
74,магазин 2,2019-01-27,1
75,магазин 1,2019-01-27,83
76,магазин 2,2019-01-28,7
77,магазин 1,2019-01-28,45
78,магазин 3,2019-01-28,6
79,магазин 1,2019-01-29,49
80,магазин 2,2019-01-29,5
81,магазин 3,2019-01-29,5
82,магазин 1,2019-01-30,41
83,магазин 2,2019-01-30,5
84,магазин 1,2019-01-31,58
85,магазин 3,2019-01-31,8
86,магазин 2,2019-01-31,4
87,магазин 1,2019-02-01,50
88,магазин 2,2019-02-01,3
89,магазин 3,2019-02-02,4
90,магазин 2,2019-02-02,2
91,магазин 1,2019-02-02,74
92,магазин 1,2019-02-03,59
93,магазин 3,2019-02-03,4
94,магазин 3,2019-02-04,11
95,магазин 1,2019-02-04,54
96,магазин 2,2019-02-04,3
97,магазин 2,2019-02-05,4
98,магазин 3,2019-02-05,2
99,магазин 1,2019-02-05,38
100,магазин 2,2019-02-06,5
101,магазин 3,2019-02-06,3
102,магазин 1,2019-02-06,43
103,магазин 1,2019-02-07,55
104,магазин 3,2019-02-07,4
105,магазин 2,2019-02-07,4
106,магазин 3,2019-02-08,9
107,магазин 2,2019-02-08,4
108,магазин 1,2019-02-08,52
109,магазин 2,2019-02-09,10
110,магазин 1,2019-02-09,105
111,магазин 3,2019-02-09,5
112,магазин 3,2019-02-10,4
113,магазин 1,2019-02-10,86
114,магазин 2,2019-02-10,3
115,магазин 2,2019-02-11,7
116,магазин 1,2019-02-11,36
117,магазин 3,2019-02-11,8
118,магазин 1,2019-02-12,51
119,магазин 2,2019-02-12,3
120,магазин 3,2019-02-12,11
121,магазин 3,2019-02-13,3
122,магазин 1,2019-02-13,68
123,магазин 2,2019-02-13,3
124,магазин 3,2019-02-14,4
125,магазин 1,2019-02-14,52
126,магазин 2,2019-02-14,7
127,магазин 3,2019-02-15,6
128,магазин 1,2019-02-15,44
129,магазин 2,2019-02-15,9
130,магазин 2,2019-02-16,12
131,магазин 1,2019-02-16,98
132,магазин 3,2019-02-16,4
133,магазин 1,2019-02-17,73
134,магазин 2,2019-02-17,4
135,магазин 3,2019-02-17,7
136,магазин 1,2019-02-18,43
137,магазин 2,2019-02-18,1
138,магазин 3,2019-02-18,7
139,магазин 1,2019-02-19,54
140,магазин 2,2019-02-19,4
141,магазин 3,2019-02-19,6
142,магазин 1,2019-02-20,73
143,магазин 2,2019-02-20,3
144,магазин 3,2019-02-20,6
145,магазин 1,2019-02-21,64
146,магазин 2,2019-02-21,1
147,магазин 3,2019-02-21,8
148,магазин 3,2019-02-22,5
149,магазин 1,2019-02-22,69
150,магазин 2,2019-02-22,5
151,магазин 1,2019-02-23,86
152,магазин 2,2019-02-23,7
153,магазин 3,2019-02-23,9
154,магазин 3,2019-02-24,2
155,магазин 1,2019-02-24,67
156,магазин 2,2019-02-24,4
157,магазин 1,2019-02-25,48
158,магазин 3,2019-02-25,6
159,магазин 2,2019-02-25,4
160,магазин 2,2019-02-26,4
161,магазин 1,2019-02-26,71
162,магазин 3,2019-02-26,5
163,магазин 1,2019-02-27,67
164,магазин 3,2019-02-27,12
165,магазин 2,2019-02-27,5
166,магазин 3,2019-02-28,1
167,магазин 2,2019-02-28,6
168,магазин 1,2019-02-28,67
169,магазин 3,2019-03-01,3
170,магазин 1,2019-03-01,57
171,магазин 2,2019-03-01,8
172,магазин 2,2019-03-02,5
173,магазин 1,2019-03-02,78
174,магазин 3,2019-03-02,4
175,магазин 2,2019-03-03,1
176,магазин 1,2019-03-03,74
177,магазин 3,2019-03-03,8
178,магазин 1,2019-03-04,68
179,магазин 2,2019-03-04,3
180,магазин 3,2019-03-04,8
181,магазин 2,2019-03-05,8
182,магазин 3,2019-03-05,9
183,магазин 1,2019-03-05,70
184,магазин 2,2019-03-06,7
185,магазин 1,2019-03-06,69
186,магазин 3,2019-03-06,12
187,магазин 1,2019-03-07,98
188,магазин 2,2019-03-07,5
189,магазин 3,2019-03-07,5
190,магазин 3,2019-03-08,6
191,магазин 2,2019-03-08,10
192,магазин 1,2019-03-08,88
193,магазин 3,2019-03-09,8
194,магазин 2,2019-03-09,2
195,магазин 1,2019-03-09,84
196,магазин 1,2019-03-10,73
197,магазин 3,2019-03-10,2
198,магазин 2,2019-03-10,2
199,магазин 1,2019-03-11,42
200,магазин 2,2019-03-11,5
201,магазин 3,2019-03-11,5
202,магазин 3,2019-03-12,9
203,магазин 1,2019-03-12,63
204,магазин 2,2019-03-12,1
205,магазин 3,2019-03-13,5
206,магазин 1,2019-03-13,50
207,магазин 2,2019-03-13,14
208,магазин 2,2019-03-14,6
209,магазин 3,2019-03-14,6
210,магазин 1,2019-03-14,64
211,магазин 3,2019-03-15,17
212,магазин 1,2019-03-15,46
213,магазин 2,2019-03-15,4
214,магазин 1,2019-03-16,70
215,магазин 2,2019-03-16,5
216,магазин 3,2019-03-16,4
217,магазин 2,2019-03-17,2
218,магазин 3,2019-03-17,7
219,магазин 1,2019-03-17,67
220,магазин 3,2019-03-18,6
221,магазин 1,2019-03-18,37
222,магазин 2,2019-03-18,7
223,магазин 3,2019-03-19,3
224,магазин 2,2019-03-19,2
225,магазин 1,2019-03-19,50
226,магазин 3,2019-03-20,7
227,магазин 2,2019-03-20,6
228,магазин 1,2019-03-20,51
229,магазин 1,2019-03-21,43
230,магазин 2,2019-03-21,8
231,магазин 3,2019-03-21,4
232,магазин 2,2019-03-22,5
233,магазин 3,2019-03-22,10
234,магазин 1,2019-03-22,59
235,магазин 1,2019-03-23,77
236,магазин 2,2019-03-23,1
237,магазин 3,2019-03-23,3
238,магазин 3,2019-03-24,4
239,магазин 1,2019-03-24,63
240,магазин 2,2019-03-24,1
241,магазин 2,2019-03-25,10
242,магазин 1,2019-03-25,51
243,магазин 3,2019-03-25,5
244,магазин 3,2019-03-26,2
245,магазин 2,2019-03-26,3
246,магазин 1,2019-03-26,58
247,магазин 1,2019-03-27,58
248,магазин 3,2019-03-27,8
249,магазин 2,2019-03-27,11
250,магазин 2,2019-03-28,1
251,магазин 1,2019-03-28,51
252,магазин 3,2019-03-28,10
253,магазин 2,2019-03-29,4
254,магазин 3,2019-03-29,4
255,магазин 1,2019-03-29,40
256,магазин 3,2019-03-30,4
257,магазин 1,2019-03-30,62
258,магазин 2,2019-03-30,6
259,магазин 1,2019-03-31,73
260,магазин 2,2019-03-31,1
261,магазин 3,2019-03-31,8
262,магазин 2,2019-04-01,16
263,магазин 3,2019-04-01,6
264,магазин 1,2019-04-01,45
265,магазин 2,2019-04-02,2
266,магазин 1,2019-04-02,53
267,магазин 3,2019-04-02,3
268,магазин 1,2019-04-03,30
269,магазин 2,2019-04-03,3
270,магазин 3,2019-04-03,4
271,магазин 3,2019-04-04,1
272,магазин 1,2019-04-04,41
273,магазин 2,2019-04-04,2
274,магазин 3,2019-04-05,5
275,магазин 2,2019-04-05,5
276,магазин 1,2019-04-05,47
277,магазин 2,2019-04-06,5
278,магазин 1,2019-04-06,87
279,магазин 3,2019-04-06,5
280,магазин 3,2019-04-07,1
281,магазин 2,2019-04-07,3
282,магазин 1,2019-04-07,66
283,магазин 2,2019-04-08,2
284,магазин 1,2019-04-08,58
285,магазин 3,2019-04-08,14
286,магазин 3,2019-04-09,4
287,магазин 2,2019-04-09,2
288,магазин 1,2019-04-09,54
289,магазин 3,2019-04-10,5
290,магазин 2,2019-04-10,9
291,магазин 1,2019-04-10,47
292,магазин 2,2019-04-11,5
293,магазин 1,2019-04-11,45
294,магазин 3,2019-04-11,9
295,магазин 1,2019-04-12,48
296,магазин 3,2019-04-12,4
297,магазин 2,2019-04-12,4
298,магазин 3,2019-04-13,4
299,магазин 1,2019-04-13,70
300,магазин 1,2019-04-14,76
301,магазин 2,2019-04-14,4
302,магазин 3,2019-04-14,7
303,магазин 3,2019-04-15,9
304,магазин 2,2019-04-15,6
305,магазин 1,2019-04-15,48
306,магазин 1,2019-04-16,57
307,магазин 3,2019-04-16,5
308,магазин 2,2019-04-16,6
309,магазин 1,2019-04-17,35
310,магазин 2,2019-04-17,2
311,магазин 3,2019-04-17,7
312,магазин 1,2019-04-18,42
313,магазин 3,2019-04-18,4
314,магазин 2,2019-04-18,2
315,магазин 2,2019-04-19,7
316,магазин 3,2019-04-19,9
317,магазин 1,2019-04-19,52
318,магазин 1,2019-04-20,51
319,магазин 3,2019-04-20,10
320,магазин 2,2019-04-20,8
321,магазин 3,2019-04-21,4
322,магазин 1,2019-04-21,62
323,магазин 3,2019-04-22,11
324,магазин 2,2019-04-22,5
325,магазин 1,2019-04-22,41
326,магазин 1,2019-04-23,51
327,магазин 3,2019-04-23,4
328,магазин 2,2019-04-23,3
329,магазин 3,2019-04-24,8
330,магазин 1,2019-04-24,43
331,магазин 2,2019-04-24,4
332,магазин 2,2019-04-25,3
333,магазин 1,2019-04-25,56
334,магазин 3,2019-04-26,8
335,магазин 1,2019-04-26,44
336,магазин 2,2019-04-26,8
337,магазин 3,2019-04-27,7
338,магазин 2,2019-04-27,5
339,магазин 1,2019-04-27,61
340,магазин 3,2019-04-28,5
341,магазин 2,2019-04-28,2
342,магазин 1,2019-04-28,48
343,магазин 2,2019-04-29,5
344,магазин 1,2019-04-29,69
345,магазин 3,2019-04-29,2
346,магазин 3,2019-04-30,3
347,магазин 1,2019-04-30,58
348,магазин 2,2019-04-30,1
349,магазин 3,2019-05-01,1
350,магазин 1,2019-05-01,78
351,магазин 2,2019-05-02,1
352,магазин 1,2019-05-02,61
353,магазин 3,2019-05-02,2
354,магазин 2,2019-05-03,4
355,магазин 3,2019-05-03,5
356,магазин 1,2019-05-03,48
357,магазин 1,2019-05-04,61
358,магазин 3,2019-05-04,9
359,магазин 2,2019-05-04,2
360,магазин 3,2019-05-05,8
361,магазин 1,2019-05-05,69
362,магазин 2,2019-05-05,3
363,магазин 1,2019-05-06,49
364,магазин 2,2019-05-06,3
365,магазин 3,2019-05-06,8
366,магазин 3,2019-05-07,14
367,магазин 1,2019-05-07,60
368,магазин 2,2019-05-07,6
369,магазин 2,2019-05-08,5
370,магазин 3,2019-05-08,4
371,магазин 1,2019-05-08,61
372,магазин 3,2019-05-09,2
373,магазин 2,2019-05-09,2
374,магазин 1,2019-05-09,65
375,магазин 3,2019-05-10,11
376,магазин 2,2019-05-10,7
377,магазин 1,2019-05-10,55
378,магазин 1,2019-05-11,61
379,магазин 3,2019-05-11,4
380,магазин 2,2019-05-11,2
381,магазин 1,2019-05-12,58
382,магазин 2,2019-05-12,1
383,магазин 3,2019-05-12,1
384,магазин 2,2019-05-13,5
385,магазин 1,2019-05-13,50
386,магазин 3,2019-05-13,9
387,магазин 1,2019-05-14,51
388,магазин 2,2019-05-14,4
389,магазин 3,2019-05-14,3
390,магазин 1,2019-05-15,60
391,магазин 2,2019-05-15,7
392,магазин 3,2019-05-15,9
393,магазин 2,2019-05-16,4
394,магазин 1,2019-05-16,55
395,магазин 3,2019-05-16,6
396,магазин 3,2019-05-17,3
397,магазин 1,2019-05-17,57
398,магазин 2,2019-05-17,9
399,магазин 3,2019-05-18,1
400,магазин 2,2019-05-18,5
401,магазин 1,2019-05-18,87
402,магазин 3,2019-05-19,2
403,магазин 2,2019-05-19,3
404,магазин 1,2019-05-19,84
405,магазин 2,2019-05-20,20
406,магазин 1,2019-05-20,54
407,магазин 3,2019-05-20,8
408,магазин 1,2019-05-21,70
409,магазин 2,2019-05-21,1
410,магазин 3,2019-05-21,3
411,магазин 1,2019-05-22,61
412,магазин 2,2019-05-22,4
413,магазин 3,2019-05-22,5
414,магазин 2,2019-05-23,2
415,магазин 3,2019-05-23,10
416,магазин 1,2019-05-23,47
417,магазин 3,2019-05-24,7
418,магазин 2,2019-05-24,9
419,магазин 1,2019-05-24,58
420,магазин 2,2019-05-25,1
421,магазин 1,2019-05-25,74
422,магазин 3,2019-05-25,3
423,магазин 3,2019-05-26,7
424,магазин 1,2019-05-26,62
425,магазин 2,2019-05-26,6
426,магазин 3,2019-05-27,7
427,магазин 2,2019-05-27,7
428,магазин 1,2019-05-27,56
429,магазин 3,2019-05-28,3
430,магазин 1,2019-05-28,76
431,магазин 2,2019-05-28,5
432,магазин 3,2019-05-29,5
433,магазин 1,2019-05-29,50
434,магазин 2,2019-05-29,5
435,магазин 1,2019-05-30,65
436,магазин 3,2019-05-30,2
437,магазин 2,2019-05-30,2
438,магазин 2,2019-05-31,16
439,магазин 1,2019-05-31,63
440,магазин 3,2019-05-31,7
441,магазин 1,2019-06-01,83
442,магазин 3,2019-06-01,6
443,магазин 2,2019-06-01,1
444,магазин 2,2019-06-02,14
445,магазин 1,2019-06-02,68
446,магазин 3,2019-06-02,6
447,магазин 2,2019-06-03,8
448,магазин 1,2019-06-03,68
449,магазин 3,2019-06-03,10
450,магазин 3,2019-06-04,4
451,магазин 1,2019-06-04,66
452,магазин 2,2019-06-04,9
453,магазин 3,2019-06-05,5
454,магазин 2,2019-06-05,4
455,магазин 1,2019-06-05,62
456,магазин 3,2019-06-06,4
457,магазин 1,2019-06-06,55
458,магазин 2,2019-06-06,10
459,магазин 3,2019-06-07,5
460,магазин 1,2019-06-07,69
461,магазин 2,2019-06-07,11
462,магазин 2,2019-06-08,4
463,магазин 1,2019-06-08,93
464,магазин 3,2019-06-08,7
465,магазин 1,2019-06-09,87
466,магазин 2,2019-06-09,6
467,магазин 3,2019-06-09,5
468,магазин 3,2019-06-10,7
469,магазин 2,2019-06-10,6
470,магазин 1,2019-06-10,56
471,магазин 1,2019-06-11,50
472,магазин 3,2019-06-11,6
473,магазин 2,2019-06-11,39
474,магазин 3,2019-06-12,2
475,магазин 1,2019-06-12,81
476,магазин 2,2019-06-12,7
477,магазин 2,2019-06-13,5
478,магазин 3,2019-06-13,4
479,магазин 1,2019-06-13,67
480,магазин 3,2019-06-14,6
481,магазин 1,2019-06-14,53
482,магазин 2,2019-06-14,5
483,магазин 1,2019-06-15,95
484,магазин 2,2019-06-15,5
485,магазин 3,2019-06-15,8
486,магазин 3,2019-06-16,5
487,магазин 1,2019-06-16,113
488,магазин 2,2019-06-16,1
489,магазин 3,2019-06-17,8
490,магазин 2,2019-06-17,12
491,магазин 1,2019-06-17,76
492,магазин 1,2019-06-18,56
493,магазин 2,2019-06-18,5
494,магазин 3,2019-06-18,3
495,магазин 3,2019-06-19,9
496,магазин 2,2019-06-19,7
497,магазин 1,2019-06-19,64
498,магазин 2,2019-06-20,4
499,магазин 3,2019-06-20,4
500,магазин 1,2019-06-20,58
501,магазин 2,2019-06-21,5
502,магазин 1,2019-06-21,86
503,магазин 3,2019-06-21,4
504,магазин 1,2019-06-22,68
505,магазин 2,2019-06-22,5
506,магазин 3,2019-06-22,6
507,магазин 1,2019-06-23,55
508,магазин 3,2019-06-23,7
509,магазин 2,2019-06-23,3
510,магазин 2,2019-06-24,8
511,магазин 3,2019-06-24,9
512,магазин 1,2019-06-24,53
513,магазин 2,2019-06-25,2
514,магазин 3,2019-06-25,4
515,магазин 1,2019-06-25,58
516,магазин 3,2019-06-26,3
517,магазин 2,2019-06-26,8
518,магазин 1,2019-06-26,60
519,магазин 2,2019-06-27,6
520,магазин 3,2019-06-27,7
521,магазин 1,2019-06-27,65
522,магазин 2,2019-06-28,7
523,магазин 3,2019-06-28,1
524,магазин 1,2019-06-28,48
525,магазин 3,2019-06-29,5
526,магазин 2,2019-06-29,2
527,магазин 1,2019-06-29,94
528,магазин 3,2019-06-30,5
529,магазин 2,2019-06-30,4
530,магазин 1,2019-06-30,97
531,магазин 1,2019-07-01,55
532,магазин 2,2019-07-01,9
533,магазин 3,2019-07-01,3
534,магазин 2,2019-07-02,4
535,магазин 3,2019-07-02,2
536,магазин 1,2019-07-02,72
537,магазин 1,2019-07-03,73
538,магазин 2,2019-07-03,8
539,магазин 3,2019-07-03,6
540,магазин 2,2019-07-04,3
541,магазин 1,2019-07-04,68
542,магазин 3,2019-07-04,1
543,магазин 1,2019-07-05,69
544,магазин 2,2019-07-05,9
545,магазин 3,2019-07-05,4
546,магазин 3,2019-07-06,5
547,магазин 1,2019-07-06,104
548,магазин 2,2019-07-06,3
549,магазин 2,2019-07-07,2
550,магазин 3,2019-07-07,3
551,магазин 1,2019-07-07,87
552,магазин 2,2019-07-08,5
553,магазин 3,2019-07-08,11
554,магазин 1,2019-07-08,68
555,магазин 1,2019-07-09,72
556,магазин 3,2019-07-09,9
557,магазин 2,2019-07-09,2
558,магазин 2,2019-07-10,10
559,магазин 3,2019-07-10,8
560,магазин 1,2019-07-10,56
561,магазин 2,2019-07-11,6
562,магазин 1,2019-07-11,75
563,магазин 3,2019-07-11,9
564,магазин 1,2019-07-12,86
565,магазин 2,2019-07-12,5
566,магазин 3,2019-07-12,3
567,магазин 2,2019-07-13,3
568,магазин 3,2019-07-13,4
569,магазин 1,2019-07-13,83
570,магазин 1,2019-07-14,76
571,магазин 2,2019-07-14,3
572,магазин 3,2019-07-14,5
573,магазин 3,2019-07-15,2
574,магазин 2,2019-07-15,7
575,магазин 1,2019-07-15,83
576,магазин 2,2019-07-16,3
577,магазин 3,2019-07-16,1
578,магазин 1,2019-07-16,66
579,магазин 2,2019-07-17,4
580,магазин 1,2019-07-17,49
581,магазин 3,2019-07-17,7
582,магазин 2,2019-07-18,8
583,магазин 3,2019-07-18,3
584,магазин 1,2019-07-18,85
585,магазин 2,2019-07-19,10
586,магазин 3,2019-07-19,9
587,магазин 1,2019-07-19,67
588,магазин 1,2019-07-20,96
589,магазин 2,2019-07-20,3
590,магазин 3,2019-07-20,11
591,магазин 1,2019-07-21,85
592,магазин 3,2019-07-21,2
593,магазин 2,2019-07-21,2
594,магазин 2,2019-07-22,11
595,магазин 3,2019-07-22,14
596,магазин 1,2019-07-22,78
597,магазин 1,2019-07-23,70
598,магазин 3,2019-07-23,2
599,магазин 2,2019-07-23,4
600,магазин 2,2019-07-24,10
601,магазин 1,2019-07-24,61
602,магазин 3,2019-07-24,17
603,магазин 3,2019-07-25,9
604,магазин 1,2019-07-25,71
605,магазин 2,2019-07-25,3
606,магазин 1,2019-07-26,71
607,магазин 3,2019-07-26,6
608,магазин 2,2019-07-26,15
609,магазин 1,2019-07-27,105
610,магазин 3,2019-07-27,4
611,магазин 2,2019-07-27,5
612,магазин 1,2019-07-28,69
613,магазин 3,2019-07-28,3
614,магазин 2,2019-07-28,3
615,магазин 3,2019-07-29,11
616,магазин 1,2019-07-29,79
617,магазин 2,2019-07-29,5
618,магазин 1,2019-07-30,78
619,магазин 3,2019-07-30,11
620,магазин 2,2019-07-30,15
621,магазин 3,2019-07-31,6
622,магазин 1,2019-07-31,81
623,магазин 2,2019-07-31,6
624,магазин 3,2019-08-01,4
625,магазин 1,2019-08-01,72
626,магазин 2,2019-08-01,5
627,магазин 2,2019-08-02,3
628,магазин 3,2019-08-02,6
629,магазин 1,2019-08-02,79
630,магазин 3,2019-08-03,6
631,магазин 2,2019-08-03,6
632,магазин 1,2019-08-03,102
633,магазин 1,2019-08-04,102
634,магазин 2,2019-08-04,1
635,магазин 3,2019-08-04,4
636,магазин 2,2019-08-05,11
637,магазин 3,2019-08-05,8
638,магазин 1,2019-08-05,73
639,магазин 2,2019-08-06,2
640,магазин 3,2019-08-06,8
641,магазин 1,2019-08-06,85
642,магазин 2,2019-08-07,4
643,магазин 3,2019-08-07,11
644,магазин 1,2019-08-07,72
645,магазин 1,2019-08-08,75
646,магазин 3,2019-08-08,4
647,магазин 2,2019-08-08,8
648,магазин 2,2019-08-09,8
649,магазин 1,2019-08-09,84
650,магазин 3,2019-08-09,14
651,магазин 2,2019-08-10,9
652,магазин 1,2019-08-10,111
653,магазин 3,2019-08-10,6
654,магазин 1,2019-08-11,89
655,магазин 3,2019-08-11,7
656,магазин 2,2019-08-11,6
657,магазин 3,2019-08-12,10
658,магазин 2,2019-08-12,16
659,магазин 1,2019-08-12,63
660,магазин 2,2019-08-13,7
661,магазин 3,2019-08-13,5
662,магазин 1,2019-08-13,68
663,магазин 1,2019-08-14,62
664,магазин 3,2019-08-14,6
665,магазин 2,2019-08-14,3
666,магазин 2,2019-08-15,2
667,магазин 1,2019-08-15,68
668,магазин 2,2019-08-16,3
669,магазин 3,2019-08-16,7
670,магазин 1,2019-08-16,77
671,магазин 1,2019-08-17,110
672,магазин 3,2019-08-17,11
673,магазин 2,2019-08-17,4
674,магазин 3,2019-08-18,3
675,магазин 2,2019-08-18,7
676,магазин 1,2019-08-18,107
677,магазин 1,2019-08-19,58
678,магазин 2,2019-08-19,5
679,магазин 3,2019-08-19,6
680,магазин 3,2019-08-20,2
681,магазин 2,2019-08-20,15
682,магазин 1,2019-08-20,58
683,магазин 1,2019-08-21,77
684,магазин 3,2019-08-21,2
685,магазин 2,2019-08-21,10
686,магазин 2,2019-08-22,10
687,магазин 1,2019-08-22,69
688,магазин 2,2019-08-23,5
689,магазин 3,2019-08-23,6
690,магазин 1,2019-08-23,68
691,магазин 2,2019-08-24,6
692,магазин 1,2019-08-24,87
693,магазин 3,2019-08-24,11
694,магазин 3,2019-08-25,10
695,магазин 2,2019-08-25,13
696,магазин 1,2019-08-25,71
697,магазин 2,2019-08-26,14
698,магазин 3,2019-08-26,7
699,магазин 1,2019-08-26,69
700,магазин 2,2019-08-27,4
701,магазин 1,2019-08-27,69
702,магазин 3,2019-08-27,3
703,магазин 3,2019-08-28,2
704,магазин 1,2019-08-28,65
705,магазин 2,2019-08-28,7
706,магазин 1,2019-08-29,82
707,магазин 2,2019-08-29,12
708,магазин 3,2019-08-29,10
709,магазин 3,2019-08-30,3
710,магазин 1,2019-08-30,66
711,магазин 2,2019-08-30,12
712,магазин 2,2019-08-31,6
713,магазин 3,2019-08-31,12
714,магазин 1,2019-08-31,97
715,магазин 3,2019-09-01,5
716,магазин 1,2019-09-01,80
717,магазин 2,2019-09-01,2
718,магазин 2,2019-09-02,5
719,магазин 1,2019-09-02,80
720,магазин 3,2019-09-02,8
721,магазин 1,2019-09-03,63
722,магазин 3,2019-09-03,3
723,магазин 2,2019-09-03,8
724,магазин 2,2019-09-04,13
725,магазин 1,2019-09-04,60
726,магазин 3,2019-09-04,6
727,магазин 2,2019-09-05,8
728,магазин 1,2019-09-05,73
729,магазин 3,2019-09-05,12
730,магазин 2,2019-09-06,7
731,магазин 1,2019-09-06,75
732,магазин 3,2019-09-06,8
733,магазин 3,2019-09-07,5
734,магазин 1,2019-09-07,97
735,магазин 2,2019-09-07,11
736,магазин 1,2019-09-08,78
737,магазин 3,2019-09-08,2
738,магазин 2,2019-09-08,1
739,магазин 1,2019-09-09,65
740,магазин 2,2019-09-09,4
741,магазин 3,2019-09-09,7
742,магазин 2,2019-09-10,6
743,магазин 3,2019-09-10,12
744,магазин 1,2019-09-10,77
745,магазин 3,2019-09-11,12
746,магазин 2,2019-09-11,9
747,магазин 1,2019-09-11,80
748,магазин 2,2019-09-12,7
749,магазин 3,2019-09-12,3
750,магазин 1,2019-09-12,76
751,магазин 3,2019-09-13,7
752,магазин 1,2019-09-13,75
753,магазин 2,2019-09-13,7
754,магазин 2,2019-09-14,10
755,магазин 3,2019-09-14,13
756,магазин 1,2019-09-14,104
757,магазин 3,2019-09-15,8
758,магазин 1,2019-09-15,83
759,магазин 2,2019-09-15,7
760,магазин 2,2019-09-16,10
761,магазин 1,2019-09-16,63
762,магазин 3,2019-09-16,9
763,магазин 3,2019-09-17,5
764,магазин 1,2019-09-17,65
765,магазин 2,2019-09-17,13
766,магазин 1,2019-09-18,25
767,магазин 3,2019-09-18,8
768,магазин 2,2019-09-18,7
769,магазин 3,2019-09-19,4
770,магазин 1,2019-09-19,53
771,магазин 2,2019-09-19,4
772,магазин 2,2019-09-20,9
773,магазин 1,2019-09-20,76
774,магазин 3,2019-09-20,3
775,магазин 1,2019-09-21,92
776,магазин 2,2019-09-21,5
777,магазин 3,2019-09-21,9
778,магазин 2,2019-09-22,2
779,магазин 3,2019-09-22,6
780,магазин 1,2019-09-22,98
781,магазин 2,2019-09-23,6
782,магазин 1,2019-09-23,59
783,магазин 3,2019-09-23,7
784,магазин 3,2019-09-24,1
785,магазин 2,2019-09-24,1
786,магазин 1,2019-09-24,52
787,магазин 3,2019-09-25,5
788,магазин 1,2019-09-25,60
789,магазин 2,2019-09-25,5
790,магазин 3,2019-09-26,5
791,магазин 1,2019-09-26,53
792,магазин 2,2019-09-26,2
793,магазин 3,2019-09-27,4
794,магазин 1,2019-09-27,57
795,магазин 2,2019-09-27,3
796,магазин 3,2019-09-28,6
797,магазин 1,2019-09-28,100
798,магазин 2,2019-09-28,1
799,магазин 1,2019-09-29,75
800,магазин 2,2019-09-29,6
801,магазин 3,2019-09-29,4
802,магазин 1,2019-09-30,59
803,магазин 2,2019-09-30,2
804,магазин 3,2019-09-30,2
805,магазин 1,2019-10-01,64
806,магазин 3,2019-10-01,7
807,магазин 2,2019-10-01,5
808,магазин 1,2019-10-02,55
809,магазин 2,2019-10-02,7
810,магазин 3,2019-10-02,6
811,магазин 3,2019-10-03,7
812,магазин 2,2019-10-03,4
813,магазин 1,2019-10-03,75
814,магазин 3,2019-10-04,2
815,магазин 2,2019-10-04,8
816,магазин 1,2019-10-04,77
817,магазин 2,2019-10-05,6
818,магазин 3,2019-10-05,3
819,магазин 1,2019-10-05,96
820,магазин 1,2019-10-06,77
821,магазин 2,2019-10-06,3
822,магазин 3,2019-10-06,6
823,магазин 2,2019-10-07,8
824,магазин 3,2019-10-07,13
825,магазин 1,2019-10-07,62
826,магазин 3,2019-10-08,4
827,магазин 2,2019-10-08,10
828,магазин 1,2019-10-08,51
829,магазин 2,2019-10-09,4
830,магазин 3,2019-10-09,5
831,магазин 1,2019-10-09,59
832,магазин 3,2019-10-10,10
833,магазин 1,2019-10-10,57
834,магазин 2,2019-10-10,2
835,магазин 2,2019-10-11,5
836,магазин 1,2019-10-11,63
837,магазин 3,2019-10-11,6
838,магазин 2,2019-10-12,8
839,магазин 1,2019-10-12,90
840,магазин 3,2019-10-12,5
841,магазин 3,2019-10-13,4
842,магазин 1,2019-10-13,87
843,магазин 2,2019-10-13,5
844,магазин 3,2019-10-14,3
845,магазин 1,2019-10-14,67
846,магазин 2,2019-10-14,3
847,магазин 3,2019-10-15,10
848,магазин 1,2019-10-15,61
849,магазин 2,2019-10-15,7
850,магазин 2,2019-10-16,4
851,магазин 3,2019-10-16,4
852,магазин 1,2019-10-16,54
853,магазин 3,2019-10-17,2
854,магазин 1,2019-10-17,56
855,магазин 2,2019-10-17,13
856,магазин 1,2019-10-18,70
857,магазин 2,2019-10-18,5
858,магазин 3,2019-10-18,10
859,магазин 2,2019-10-19,2
860,магазин 3,2019-10-19,7
861,магазин 1,2019-10-19,93
862,магазин 2,2019-10-20,2
863,магазин 1,2019-10-20,92
864,магазин 3,2019-10-20,8
865,магазин 1,2019-10-21,57
866,магазин 2,2019-10-21,4
867,магазин 3,2019-10-21,6
868,магазин 3,2019-10-22,6
869,магазин 1,2019-10-22,79
870,магазин 2,2019-10-22,7
871,магазин 3,2019-10-23,1
872,магазин 1,2019-10-23,43
873,магазин 2,2019-10-23,6
874,магазин 2,2019-10-24,3
875,магазин 1,2019-10-24,53
876,магазин 3,2019-10-24,5
877,магазин 2,2019-10-25,14
878,магазин 1,2019-10-25,72
879,магазин 3,2019-10-25,2
880,магазин 2,2019-10-26,4
881,магазин 1,2019-10-26,92
882,магазин 3,2019-10-26,13
883,магазин 3,2019-10-27,6
884,магазин 1,2019-10-27,101
885,магазин 2,2019-10-27,1
886,магазин 2,2019-10-28,5
887,магазин 3,2019-10-28,7
888,магазин 1,2019-10-28,53
889,магазин 3,2019-10-29,4
890,магазин 1,2019-10-29,71
891,магазин 2,2019-10-29,3
892,магазин 3,2019-10-30,8
893,магазин 2,2019-10-30,7
894,магазин 1,2019-10-30,56
895,магазин 1,2019-10-31,44
896,магазин 2,2019-10-31,2
897,магазин 3,2019-10-31,8
898,магазин 3,2019-11-01,9
899,магазин 1,2019-11-01,59
900,магазин 2,2019-11-01,5
901,магазин 1,2019-11-02,97
902,магазин 3,2019-11-02,6
903,магазин 2,2019-11-02,6
904,магазин 3,2019-11-03,10
905,магазин 2,2019-11-03,4
906,магазин 1,2019-11-03,119
907,магазин 1,2019-11-04,86
908,магазин 3,2019-11-04,11
909,магазин 2,2019-11-04,11
910,магазин 1,2019-11-05,76
911,магазин 3,2019-11-05,4
912,магазин 2,2019-11-05,10
913,магазин 1,2019-11-06,69
914,магазин 2,2019-11-06,13
915,магазин 3,2019-11-06,17
916,магазин 2,2019-11-07,10
917,магазин 3,2019-11-07,1
918,магазин 1,2019-11-07,67
919,магазин 1,2019-11-08,55
920,магазин 3,2019-11-08,6
921,магазин 2,2019-11-08,7
922,магазин 1,2019-11-09,94
923,магазин 3,2019-11-09,7
924,магазин 2,2019-11-09,6
925,магазин 2,2019-11-10,7
926,магазин 1,2019-11-10,87
927,магазин 3,2019-11-10,3
928,магазин 2,2019-11-11,18
929,магазин 1,2019-11-11,56
930,магазин 3,2019-11-11,5
931,магазин 1,2019-11-12,42
932,магазин 2,2019-11-12,8
933,магазин 3,2019-11-12,6
934,магазин 3,2019-11-13,7
935,магазин 1,2019-11-13,56
936,магазин 2,2019-11-13,11
937,магазин 2,2019-11-14,2
938,магазин 3,2019-11-14,3
939,магазин 1,2019-11-14,66
940,магазин 1,2019-11-15,58
941,магазин 3,2019-11-15,8
942,магазин 2,2019-11-15,10
943,магазин 3,2019-11-16,5
944,магазин 2,2019-11-16,10
945,магазин 1,2019-11-16,100
946,магазин 3,2019-11-17,4
947,магазин 2,2019-11-17,6
948,магазин 1,2019-11-17,92
949,магазин 3,2019-11-18,5
950,магазин 2,2019-11-18,13
951,магазин 1,2019-11-18,33
952,магазин 3,2019-11-19,8
953,магазин 2,2019-11-19,4
954,магазин 1,2019-11-19,46
955,магазин 2,2019-11-20,5
956,магазин 3,2019-11-20,3
957,магазин 1,2019-11-20,44
958,магазин 2,2019-11-21,4
959,магазин 3,2019-11-21,7
960,магазин 1,2019-11-21,45
961,магазин 2,2019-11-22,6
962,магазин 1,2019-11-22,46
963,магазин 3,2019-11-22,8
964,магазин 2,2019-11-23,4
965,магазин 3,2019-11-23,4
966,магазин 1,2019-11-23,82
967,магазин 3,2019-11-24,3
968,магазин 1,2019-11-24,71
969,магазин 2,2019-11-24,5
970,магазин 3,2019-11-25,10
971,магазин 1,2019-11-25,56
972,магазин 2,2019-11-25,7
973,магазин 3,2019-11-26,4
974,магазин 2,2019-11-26,9
975,магазин 1,2019-11-26,51
976,магазин 1,2019-11-27,67
977,магазин 2,2019-11-27,11
978,магазин 3,2019-11-27,4
979,магазин 2,2019-11-28,7
980,магазин 1,2019-11-28,69
981,магазин 3,2019-11-28,8
982,магазин 3,2019-11-29,8
983,магазин 2,2019-11-29,31
984,магазин 1,2019-11-29,95
985,магазин 3,2019-11-30,4
986,магазин 2,2019-11-30,19
987,магазин 1,2019-11-30,129
988,магазин 3,2019-12-01,5
989,магазин 1,2019-12-01,124
990,магазин 2,2019-12-01,16
991,магазин 1,2019-12-02,84
992,магазин 3,2019-12-02,6
993,магазин 2,2019-12-02,11
994,магазин 2,2019-12-03,13
995,магазин 3,2019-12-03,3
996,магазин 1,2019-12-03,75
997,магазин 2,2019-12-04,3
998,магазин 1,2019-12-04,51
999,магазин 3,2019-12-04,6
1000,магазин 3,2019-12-05,8
1001,магазин 1,2019-12-05,76
1002,магазин 2,2019-12-05,1
1003,магазин 1,2019-12-06,57
1004,магазин 2,2019-12-06,15
1005,магазин 3,2019-12-06,8
1006,магазин 1,2019-12-07,92
1007,магазин 3,2019-12-07,9
1008,магазин 2,2019-12-07,38
1009,магазин 2,2019-12-08,9
1010,магазин 3,2019-12-08,6
1011,магазин 1,2019-12-08,99
1012,магазин 1,2019-12-09,74
1013,магазин 3,2019-12-09,6
1014,магазин 2,2019-12-09,5
1015,магазин 1,2019-12-10,75
1016,магазин 2,2019-12-10,8
1017,магазин 3,2019-12-10,5
1018,магазин 2,2019-12-11,16
1019,магазин 3,2019-12-11,1
1020,магазин 1,2019-12-11,62
1021,магазин 2,2019-12-12,7
1022,магазин 3,2019-12-12,6
1023,магазин 1,2019-12-12,72
1024,магазин 1,2019-12-13,72
1025,магазин 3,2019-12-13,4
1026,магазин 2,2019-12-13,6
1027,магазин 2,2019-12-14,9
1028,магазин 3,2019-12-14,8
1029,магазин 1,2019-12-14,121
1030,магазин 1,2019-12-15,93
1031,магазин 3,2019-12-15,7
1032,магазин 2,2019-12-15,10
1033,магазин 1,2019-12-16,52
1034,магазин 2,2019-12-16,19
1035,магазин 3,2019-12-16,3
1036,магазин 2,2019-12-17,16
1037,магазин 3,2019-12-17,4
1038,магазин 1,2019-12-17,70
1039,магазин 1,2019-12-18,61
1040,магазин 3,2019-12-18,6
1041,магазин 2,2019-12-18,17
1042,магазин 2,2019-12-19,11
1043,магазин 3,2019-12-19,7
1044,магазин 1,2019-12-19,79
1045,магазин 1,2019-12-20,67
1046,магазин 2,2019-12-20,11
1047,магазин 3,2019-12-20,14
1048,магазин 2,2019-12-21,19
1049,магазин 3,2019-12-21,10
1050,магазин 1,2019-12-21,155
1051,магазин 3,2019-12-22,15
1052,магазин 2,2019-12-22,23
1053,магазин 1,2019-12-22,126
1054,магазин 1,2019-12-23,81
1055,магазин 2,2019-12-23,13
1056,магазин 3,2019-12-23,13
1057,магазин 3,2019-12-24,13
1058,магазин 1,2019-12-24,94
1059,магазин 2,2019-12-24,12
1060,магазин 3,2019-12-25,15
1061,магазин 1,2019-12-25,116
1062,магазин 2,2019-12-25,29
1063,магазин 3,2019-12-26,10
1064,магазин 1,2019-12-26,123
1065,магазин 2,2019-12-26,34
1066,магазин 3,2019-12-27,14
1067,магазин 1,2019-12-27,125
1068,магазин 2,2019-12-27,27
1069,магазин 2,2019-12-28,38
1070,магазин 3,2019-12-28,17
1071,магазин 1,2019-12-28,224
1072,магазин 3,2019-12-29,19
1073,магазин 2,2019-12-29,26
1074,магазин 1,2019-12-29,266
1075,магазин 1,2019-12-30,225
1076,магазин 3,2019-12-30,21
1077,магазин 2,2019-12-30,31
1078,магазин 2,2019-12-31,31
1079,магазин 1,2019-12-31,242
1080,магазин 3,2019-12-31,20
1081,магазин 2,2020-01-02,8
1082,магазин 3,2020-01-02,4
1083,магазин 1,2020-01-02,72
1084,магазин 3,2020-01-03,8
1085,магазин 2,2020-01-03,15
1086,магазин 1,2020-01-03,84
1087,магазин 2,2020-01-04,12
1088,магазин 1,2020-01-04,90
1089,магазин 3,2020-01-04,10
1090,магазин 2,2020-01-05,10
1091,магазин 1,2020-01-05,74
1092,магазин 3,2020-01-05,6
1093,магазин 2,2020-01-06,14
1094,магазин 3,2020-01-06,9
1095,магазин 1,2020-01-06,97
1096,магазин 1,2020-01-07,60
1097,магазин 3,2020-01-07,9
1098,магазин 2,2020-01-07,17
1099,магазин 2,2020-01-08,10
1100,магазин 1,2020-01-08,75
1101,магазин 3,2020-01-08,7
1102,магазин 2,2020-01-09,8
1103,магазин 3,2020-01-09,5
1104,магазин 1,2020-01-09,48
1105,магазин 1,2020-01-10,60
1106,магазин 3,2020-01-10,2
1107,магазин 2,2020-01-10,11
1108,магазин 2,2020-01-11,15
1109,магазин 3,2020-01-11,9
1110,магазин 1,2020-01-11,85
1111,магазин 1,2020-01-12,87
1112,магазин 2,2020-01-12,14
1113,магазин 3,2020-01-12,9
1114,магазин 3,2020-01-13,15
1115,магазин 1,2020-01-13,60
1116,магазин 2,2020-01-13,7
1117,магазин 1,2020-01-14,50
1118,магазин 2,2020-01-14,9
1119,магазин 3,2020-01-14,11
1120,магазин 2,2020-01-15,11
1121,магазин 1,2020-01-15,63
1122,магазин 3,2020-01-15,7
1123,магазин 2,2020-01-16,13
1124,магазин 3,2020-01-16,7
1125,магазин 1,2020-01-16,53
1126,магазин 2,2020-01-17,15
1127,магазин 3,2020-01-17,7
1128,магазин 1,2020-01-17,67
1129,магазин 2,2020-01-18,11
1130,магазин 3,2020-01-18,6
1131,магазин 1,2020-01-18,96
1132,магазин 1,2020-01-19,71
1133,магазин 3,2020-01-19,9
1134,магазин 2,2020-01-19,7
1135,магазин 3,2020-01-20,8
1136,магазин 2,2020-01-20,2
1137,магазин 1,2020-01-20,64
1138,магазин 2,2020-01-21,18
1139,магазин 1,2020-01-21,63
1140,магазин 3,2020-01-21,6
1141,магазин 1,2020-01-22,43
1142,магазин 2,2020-01-22,11
1143,магазин 3,2020-01-22,6
1144,магазин 1,2020-01-23,47
1145,магазин 2,2020-01-23,5
1146,магазин 2,2020-01-24,10
1147,магазин 1,2020-01-24,50
1148,магазин 3,2020-01-24,8
1149,магазин 2,2020-01-25,6
1150,магазин 1,2020-01-25,78
1151,магазин 3,2020-01-25,6
1152,магазин 1,2020-01-26,60
1153,магазин 2,2020-01-26,4
1154,магазин 3,2020-01-26,9
1155,магазин 1,2020-01-27,37
1156,магазин 2,2020-01-27,14
1157,магазин 3,2020-01-27,10
1158,магазин 3,2020-01-28,4
1159,магазин 1,2020-01-28,42
1160,магазин 2,2020-01-28,6
1161,магазин 1,2020-01-29,58
1162,магазин 2,2020-01-29,5
1163,магазин 3,2020-01-29,12
1164,магазин 3,2020-01-30,8
1165,магазин 2,2020-01-30,14
1166,магазин 1,2020-01-30,68
1167,магазин 2,2020-01-31,15
1168,магазин 1,2020-01-31,40
1169,магазин 3,2020-01-31,10
1170,магазин 1,2020-02-01,95
1171,магазин 3,2020-02-01,16
1172,магазин 2,2020-02-01,10
1173,магазин 1,2020-02-02,87
1174,магазин 2,2020-02-02,5
1175,магазин 3,2020-02-02,8
1176,магазин 3,2020-02-03,5
1177,магазин 1,2020-02-03,62
1178,магазин 2,2020-02-03,5
1179,магазин 2,2020-02-04,6
1180,магазин 3,2020-02-04,5
1181,магазин 1,2020-02-04,40
1182,магазин 1,2020-02-05,62
1183,магазин 3,2020-02-05,8
1184,магазин 2,2020-02-05,17
1185,магазин 2,2020-02-06,16
1186,магазин 3,2020-02-06,13
1187,магазин 1,2020-02-06,56
1188,магазин 3,2020-02-07,10
1189,магазин 2,2020-02-07,7
1190,магазин 1,2020-02-07,59
1191,магазин 3,2020-02-08,14
1192,магазин 2,2020-02-08,12
1193,магазин 1,2020-02-08,85
1194,магазин 2,2020-02-09,7
1195,магазин 3,2020-02-09,11
1196,магазин 1,2020-02-09,69
1197,магазин 3,2020-02-10,8
1198,магазин 2,2020-02-10,12
1199,магазин 1,2020-02-10,60
1200,магазин 2,2020-02-11,12
1201,магазин 3,2020-02-11,9
1202,магазин 1,2020-02-11,59
1203,магазин 3,2020-02-12,10
1204,магазин 2,2020-02-12,9
1205,магазин 1,2020-02-12,52
1206,магазин 1,2020-02-13,53
1207,магазин 3,2020-02-13,20
1208,магазин 2,2020-02-13,12
1209,магазин 3,2020-02-14,14
1210,магазин 2,2020-02-14,11
1211,магазин 1,2020-02-14,61
1212,магазин 3,2020-02-15,13
1213,магазин 2,2020-02-15,10
1214,магазин 1,2020-02-15,97
1215,магазин 2,2020-02-16,12
1216,магазин 1,2020-02-16,43
1217,магазин 3,2020-02-16,15
1218,магазин 1,2020-02-17,41
1219,магазин 3,2020-02-17,5
1220,магазин 2,2020-02-17,10
1221,магазин 3,2020-02-18,14
1222,магазин 1,2020-02-18,43
1223,магазин 2,2020-02-18,11
1224,магазин 1,2020-02-19,45
1225,магазин 3,2020-02-19,11
1226,магазин 2,2020-02-19,14
1227,магазин 2,2020-02-20,9
1228,магазин 1,2020-02-20,54
1229,магазин 3,2020-02-20,8
1230,магазин 3,2020-02-21,14
1231,магазин 1,2020-02-21,61
1232,магазин 2,2020-02-21,16
1233,магазин 2,2020-02-22,21
1234,магазин 1,2020-02-22,97
1235,магазин 3,2020-02-22,13
1236,магазин 2,2020-02-23,18
1237,магазин 3,2020-02-23,5
1238,магазин 1,2020-02-23,90
1239,магазин 2,2020-02-24,15
1240,магазин 3,2020-02-24,12
1241,магазин 1,2020-02-24,85
1242,магазин 2,2020-02-25,10
1243,магазин 3,2020-02-25,9
1244,магазин 1,2020-02-25,46
1245,магазин 2,2020-02-26,11
1246,магазин 1,2020-02-26,44
1247,магазин 3,2020-02-26,5
1248,магазин 2,2020-02-27,15
1249,магазин 3,2020-02-27,2
1250,магазин 1,2020-02-27,54
1251,магазин 3,2020-02-28,4
1252,магазин 2,2020-02-28,8
1253,магазин 1,2020-02-28,65
1254,магазин 3,2020-02-29,12
1255,магазин 1,2020-02-29,80
1256,магазин 2,2020-02-29,15
1257,магазин 2,2020-03-01,8
1258,магазин 3,2020-03-01,14
1259,магазин 1,2020-03-01,90
1260,магазин 3,2020-03-02,10
1261,магазин 2,2020-03-02,7
1262,магазин 1,2020-03-02,56
1263,магазин 1,2020-03-03,54
1264,магазин 3,2020-03-03,9
1265,магазин 2,2020-03-03,16
1266,магазин 2,2020-03-04,12
1267,магазин 3,2020-03-04,10
1268,магазин 1,2020-03-04,61
1269,магазин 3,2020-03-05,7
1270,магазин 1,2020-03-05,58
1271,магазин 2,2020-03-05,9
1272,магазин 2,2020-03-06,23
1273,магазин 3,2020-03-06,17
1274,магазин 1,2020-03-06,71
1275,магазин 3,2020-03-07,7
1276,магазин 2,2020-03-07,31
1277,магазин 1,2020-03-07,132
1278,магазин 1,2020-03-08,106
1279,магазин 3,2020-03-08,10
1280,магазин 2,2020-03-08,11
1281,магазин 1,2020-03-09,71
1282,магазин 3,2020-03-09,6
1283,магазин 2,2020-03-09,13
1284,магазин 3,2020-03-10,16
1285,магазин 2,2020-03-10,13
1286,магазин 1,2020-03-10,45
1287,магазин 2,2020-03-11,15
1288,магазин 3,2020-03-11,16
1289,магазин 1,2020-03-11,62
1290,магазин 1,2020-03-12,66
1291,магазин 2,2020-03-12,14
1292,магазин 3,2020-03-12,9
1293,магазин 2,2020-03-13,12
1294,магазин 1,2020-03-13,60
1295,магазин 3,2020-03-13,11
1296,магазин 3,2020-03-14,15
1297,магазин 1,2020-03-14,103
1298,магазин 2,2020-03-14,4
1299,магазин 1,2020-03-15,58
1300,магазин 3,2020-03-15,12
1301,магазин 2,2020-03-15,3
1302,магазин 1,2020-03-16,61
1303,магазин 3,2020-03-16,8
1304,магазин 2,2020-03-16,12
1305,магазин 1,2020-03-17,39
1306,магазин 3,2020-03-17,15
1307,магазин 2,2020-03-17,12
1308,магазин 2,2020-03-18,11
1309,магазин 1,2020-03-18,56
1310,магазин 3,2020-03-18,5
1311,магазин 2,2020-03-19,15
1312,магазин 1,2020-03-19,60
1313,магазин 3,2020-03-19,12
1314,магазин 3,2020-03-20,13
1315,магазин 2,2020-03-20,9
1316,магазин 1,2020-03-20,69
1317,магазин 2,2020-03-21,10
1318,магазин 1,2020-03-21,101
1319,магазин 3,2020-03-21,11
1320,магазин 3,2020-03-22,8
1321,магазин 1,2020-03-22,88
1322,магазин 2,2020-03-22,7
1323,магазин 2,2020-03-23,10
1324,магазин 1,2020-03-23,47
1325,магазин 3,2020-03-23,6
1326,магазин 3,2020-03-24,7
1327,магазин 2,2020-03-24,14
1328,магазин 1,2020-03-24,48
1329,магазин 2,2020-03-25,6
1330,магазин 3,2020-03-25,8
1331,магазин 1,2020-03-25,53
1332,магазин 2,2020-03-26,7
1333,магазин 1,2020-03-26,62
1334,магазин 3,2020-03-26,12
1335,магазин 1,2020-03-27,74
1336,магазин 2,2020-03-27,13
1337,магазин 3,2020-03-27,18
1338,магазин 2,2020-03-28,6
1339,магазин 1,2020-03-28,98
1340,магазин 3,2020-03-28,1
1341,магазин 3,2020-03-29,2
1342,магазин 2,2020-03-29,1
1343,магазин 1,2020-03-29,55
1344,магазин 1,2020-03-30,48
1345,магазин 3,2020-03-30,2
1346,магазин 2,2020-03-30,4
1347,магазин 1,2020-03-31,2
1348,магазин 2,2020-03-31,1
1349,магазин 1,2020-04-01,2
1350,магазин 2,2020-04-01,1
1351,магазин 1,2020-04-02,2
1352,магазин 3,2020-04-02,1
1353,магазин 2,2020-04-02,3
1354,магазин 1,2020-04-03,2
1355,магазин 3,2020-04-04,1
1356,магазин 1,2020-04-04,1
1357,магазин 2,2020-04-05,1
1358,магазин 1,2020-04-05,2
1359,магазин 1,2020-04-06,2
1360,магазин 3,2020-04-07,1
1361,магазин 2,2020-04-07,1
1362,магазин 1,2020-04-07,17
1363,магазин 2,2020-04-08,9
1364,магазин 1,2020-04-08,30
1365,магазин 1,2020-04-09,21
1366,магазин 2,2020-04-09,5
1367,магазин 1,2020-04-10,39
1368,магазин 3,2020-04-10,3
1369,магазин 1,2020-04-11,68
1370,магазин 3,2020-04-11,6
1371,магазин 2,2020-04-11,1
1372,магазин 3,2020-04-12,4
1373,магазин 1,2020-04-12,52
1374,магазин 1,2020-04-13,54
1375,магазин 2,2020-04-13,1
1376,магазин 3,2020-04-13,5
1377,магазин 1,2020-04-14,36
1378,магазин 3,2020-04-14,3
1379,магазин 1,2020-04-15,49
1380,магазин 3,2020-04-15,11
1381,магазин 2,2020-04-15,1
1382,магазин 3,2020-04-16,3
1383,магазин 2,2020-04-16,1
1384,магазин 1,2020-04-16,48
1385,магазин 3,2020-04-17,8
1386,магазин 2,2020-04-17,3
1387,магазин 1,2020-04-17,48
1388,магазин 1,2020-04-18,62
1389,магазин 3,2020-04-18,11
1390,магазин 1,2020-04-19,41
1391,магазин 3,2020-04-19,5
1392,магазин 3,2020-04-20,9
1393,магазин 2,2020-04-20,4
1394,магазин 1,2020-04-20,37
1395,магазин 3,2020-04-21,5
1396,магазин 1,2020-04-21,40
1397,магазин 1,2020-04-22,54
1398,магазин 2,2020-04-22,3
1399,магазин 3,2020-04-22,8
1400,магазин 1,2020-04-23,38
1401,магазин 3,2020-04-23,4
1402,магазин 2,2020-04-23,4
1403,магазин 1,2020-04-24,44
1404,магазин 2,2020-04-24,7
1405,магазин 3,2020-04-24,12
1406,магазин 1,2020-04-25,69
1407,магазин 2,2020-04-25,2
1408,магазин 3,2020-04-25,6
1409,магазин 3,2020-04-26,6
1410,магазин 1,2020-04-26,50
1411,магазин 2,2020-04-26,2
1412,магазин 2,2020-04-27,3
1413,магазин 3,2020-04-27,5
1414,магазин 1,2020-04-27,37
1415,магазин 2,2020-04-28,2
1416,магазин 3,2020-04-28,6
1417,магазин 1,2020-04-28,40
1418,магазин 1,2020-04-29,49
1419,магазин 2,2020-04-29,3
1420,магазин 3,2020-04-29,8
1421,магазин 1,2020-04-30,70
1422,магазин 2,2020-04-30,1
1423,магазин 3,2020-04-30,3
1424,магазин 3,2020-05-01,15
1425,магазин 2,2020-05-01,1
1426,магазин 1,2020-05-01,63
1427,магазин 1,2020-05-02,54
1428,магазин 2,2020-05-02,1
1429,магазин 3,2020-05-02,5
1430,магазин 1,2020-05-03,49
1431,магазин 3,2020-05-03,7
1432,магазин 2,2020-05-03,8
1433,магазин 3,2020-05-04,12
1434,магазин 2,2020-05-04,2
1435,магазин 1,2020-05-04,60
1436,магазин 3,2020-05-05,10
1437,магазин 1,2020-05-05,40
1438,магазин 2,2020-05-05,1
1439,магазин 2,2020-05-06,1
1440,магазин 3,2020-05-06,15
1441,магазин 1,2020-05-06,47
1442,магазин 1,2020-05-07,63
1443,магазин 2,2020-05-07,3
1444,магазин 3,2020-05-07,9
1445,магазин 3,2020-05-08,4
1446,магазин 2,2020-05-08,7
1447,магазин 1,2020-05-08,51
1448,магазин 3,2020-05-09,5
1449,магазин 2,2020-05-09,8
1450,магазин 1,2020-05-09,62
1451,магазин 1,2020-05-10,62
1452,магазин 2,2020-05-10,3
1453,магазин 3,2020-05-10,5
1454,магазин 2,2020-05-11,2
1455,магазин 3,2020-05-11,11
1456,магазин 1,2020-05-11,60
1457,магазин 1,2020-05-12,45
1458,магазин 2,2020-05-12,6
1459,магазин 3,2020-05-12,12
1460,магазин 3,2020-05-13,4
1461,магазин 2,2020-05-13,8
1462,магазин 1,2020-05-13,62
1463,магазин 2,2020-05-14,6
1464,магазин 3,2020-05-14,3
1465,магазин 1,2020-05-14,55
1466,магазин 1,2020-05-15,64
1467,магазин 2,2020-05-15,13
1468,магазин 3,2020-05-15,3
1469,магазин 3,2020-05-16,5
1470,магазин 2,2020-05-16,9
1471,магазин 1,2020-05-16,79
1472,магазин 1,2020-05-17,76
1473,магазин 2,2020-05-17,3
1474,магазин 3,2020-05-17,6
1475,магазин 2,2020-05-18,5
1476,магазин 1,2020-05-18,56
1477,магазин 3,2020-05-18,7
1478,магазин 2,2020-05-19,9
1479,магазин 1,2020-05-19,54
1480,магазин 3,2020-05-19,4
1481,магазин 2,2020-05-20,4
1482,магазин 1,2020-05-20,59
1483,магазин 3,2020-05-20,10
1484,магазин 1,2020-05-21,75
1485,магазин 2,2020-05-21,9
1486,магазин 3,2020-05-21,6
1487,магазин 3,2020-05-22,5
1488,магазин 2,2020-05-22,14
1489,магазин 1,2020-05-22,52
1490,магазин 1,2020-05-23,75
1491,магазин 3,2020-05-23,10
1492,магазин 2,2020-05-23,4
1493,магазин 2,2020-05-24,9
1494,магазин 1,2020-05-24,81
1495,магазин 3,2020-05-24,12
1496,магазин 1,2020-05-25,43
1497,магазин 3,2020-05-25,12
1498,магазин 2,2020-05-25,6
1499,магазин 1,2020-05-26,48
1500,магазин 3,2020-05-26,7
1501,магазин 2,2020-05-26,24
1502,магазин 1,2020-05-27,71
1503,магазин 3,2020-05-27,7
1504,магазин 2,2020-05-27,10
1505,магазин 2,2020-05-28,12
1506,магазин 3,2020-05-28,8
1507,магазин 1,2020-05-28,55
1508,магазин 3,2020-05-29,5
1509,магазин 1,2020-05-29,56
1510,магазин 2,2020-05-29,23
1511,магазин 2,2020-05-30,3
1512,магазин 3,2020-05-30,4
1513,магазин 1,2020-05-30,67
1514,магазин 2,2020-05-31,9
1515,магазин 1,2020-05-31,55
1516,магазин 3,2020-05-31,7
1517,магазин 3,2020-06-01,16
1518,магазин 2,2020-06-01,13
1519,магазин 1,2020-06-01,61
1520,магазин 3,2020-06-02,10
1521,магазин 2,2020-06-02,7
1522,магазин 1,2020-06-02,66
1523,магазин 1,2020-06-03,52
1524,магазин 2,2020-06-03,15
1525,магазин 3,2020-06-03,13
1526,магазин 1,2020-06-04,74
1527,магазин 2,2020-06-04,17
1528,магазин 3,2020-06-04,9
1529,магазин 1,2020-06-05,46
1530,магазин 2,2020-06-05,14
1531,магазин 3,2020-06-05,10
1532,магазин 2,2020-06-06,5
1533,магазин 1,2020-06-06,83
1534,магазин 3,2020-06-06,11
1535,магазин 1,2020-06-07,74
1536,магазин 3,2020-06-07,8
1537,магазин 2,2020-06-07,9
1538,магазин 3,2020-06-08,10
1539,магазин 2,2020-06-08,16
1540,магазин 1,2020-06-08,59
1541,магазин 3,2020-06-09,9
1542,магазин 1,2020-06-09,51
1543,магазин 2,2020-06-09,11
1544,магазин 3,2020-06-10,9
1545,магазин 2,2020-06-10,20
1546,магазин 1,2020-06-10,57
1547,магазин 1,2020-06-11,68
1548,магазин 3,2020-06-11,10
1549,магазин 2,2020-06-11,7
1550,магазин 1,2020-06-12,81
1551,магазин 3,2020-06-12,29
1552,магазин 2,2020-06-12,9
1553,магазин 2,2020-06-13,7
1554,магазин 3,2020-06-13,12
1555,магазин 1,2020-06-13,64
1556,магазин 2,2020-06-14,10
1557,магазин 1,2020-06-14,89
1558,магазин 3,2020-06-14,8
1559,магазин 2,2020-06-15,11
1560,магазин 3,2020-06-15,20
1561,магазин 1,2020-06-15,68
1562,магазин 2,2020-06-16,17
1563,магазин 3,2020-06-16,10
1564,магазин 1,2020-06-16,70
1565,магазин 2,2020-06-17,7
1566,магазин 3,2020-06-17,9
1567,магазин 1,2020-06-17,62
1568,магазин 3,2020-06-18,9
1569,магазин 1,2020-06-18,56
1570,магазин 2,2020-06-18,15
1571,магазин 2,2020-06-19,9
1572,магазин 1,2020-06-19,80
1573,магазин 3,2020-06-19,8
1574,магазин 2,2020-06-20,4
1575,магазин 1,2020-06-20,83
1576,магазин 3,2020-06-20,14
1577,магазин 3,2020-06-21,9
1578,магазин 2,2020-06-21,10
1579,магазин 1,2020-06-21,74
1580,магазин 2,2020-06-22,12
1581,магазин 1,2020-06-22,65
1582,магазин 3,2020-06-22,8
1583,магазин 3,2020-06-23,10
1584,магазин 2,2020-06-23,13
1585,магазин 1,2020-06-23,53
1586,магазин 1,2020-06-24,78
1587,магазин 3,2020-06-24,14
1588,магазин 2,2020-06-24,19
1589,магазин 1,2020-06-25,54
1590,магазин 2,2020-06-25,17
1591,магазин 3,2020-06-25,11
1592,магазин 2,2020-06-26,15
1593,магазин 1,2020-06-26,44
1594,магазин 3,2020-06-26,30
1595,магазин 1,2020-06-27,90
1596,магазин 2,2020-06-27,1
1597,магазин 3,2020-06-27,18
1598,магазин 2,2020-06-28,14
1599,магазин 3,2020-06-28,6
1600,магазин 1,2020-06-28,76
1601,магазин 2,2020-06-29,9
1602,магазин 3,2020-06-29,11
1603,магазин 1,2020-06-29,60
1604,магазин 3,2020-06-30,4
1605,магазин 2,2020-06-30,5
1606,магазин 1,2020-06-30,62
1607,магазин 1,2020-07-01,77
1608,магазин 2,2020-07-01,12
1609,магазин 3,2020-07-01,15
1610,магазин 1,2020-07-02,51
1611,магазин 2,2020-07-02,4
1612,магазин 3,2020-07-02,3
1613,магазин 2,2020-07-03,4
1614,магазин 3,2020-07-03,19
1615,магазин 1,2020-07-03,51
1616,магазин 3,2020-07-04,18
1617,магазин 2,2020-07-04,3
1618,магазин 1,2020-07-04,75
1619,магазин 3,2020-07-05,16
1620,магазин 1,2020-07-05,61
1621,магазин 2,2020-07-05,5
1622,магазин 2,2020-07-06,11
1623,магазин 3,2020-07-06,11
1624,магазин 1,2020-07-06,64
1625,магазин 3,2020-07-07,19
1626,магазин 1,2020-07-07,57
1627,магазин 2,2020-07-07,8
1628,магазин 2,2020-07-08,12
1629,магазин 3,2020-07-08,27
1630,магазин 1,2020-07-08,76
1631,магазин 3,2020-07-09,20
1632,магазин 2,2020-07-09,24
1633,магазин 1,2020-07-09,56
1634,магазин 3,2020-07-10,29
1635,магазин 2,2020-07-10,21
1636,магазин 1,2020-07-10,47
1637,магазин 3,2020-07-11,20
1638,магазин 1,2020-07-11,95
1639,магазин 2,2020-07-11,19
1640,магазин 1,2020-07-12,75
1641,магазин 3,2020-07-12,10
1642,магазин 2,2020-07-12,16
1643,магазин 1,2020-07-13,49
1644,магазин 2,2020-07-13,8
1645,магазин 3,2020-07-13,12
1646,магазин 3,2020-07-14,21
1647,магазин 2,2020-07-14,11
1648,магазин 1,2020-07-14,59
1649,магазин 3,2020-07-15,11
1650,магазин 1,2020-07-15,64
1651,магазин 2,2020-07-15,13
1652,магазин 1,2020-07-16,63
1653,магазин 3,2020-07-16,24
1654,магазин 2,2020-07-16,16
1655,магазин 2,2020-07-17,22
1656,магазин 3,2020-07-17,18
1657,магазин 1,2020-07-17,62
1658,магазин 2,2020-07-18,13
1659,магазин 1,2020-07-18,88
1660,магазин 3,2020-07-18,9
1661,магазин 3,2020-07-19,13
1662,магазин 1,2020-07-19,73
1663,магазин 2,2020-07-19,13
1664,магазин 1,2020-07-20,67
1665,магазин 3,2020-07-20,10
1666,магазин 2,2020-07-20,28
1667,магазин 3,2020-07-21,9
1668,магазин 1,2020-07-21,69
1669,магазин 2,2020-07-21,30
1670,магазин 1,2020-07-22,79
1671,магазин 3,2020-07-22,18
1672,магазин 2,2020-07-22,11
1673,магазин 2,2020-07-23,12
1674,магазин 3,2020-07-23,7
1675,магазин 1,2020-07-23,57
1676,магазин 3,2020-07-24,11
1677,магазин 1,2020-07-24,66
1678,магазин 2,2020-07-24,15
1679,магазин 3,2020-07-25,16
1680,магазин 2,2020-07-25,9
1681,магазин 1,2020-07-25,77
1682,магазин 3,2020-07-26,12
1683,магазин 1,2020-07-26,85
1684,магазин 2,2020-07-26,3
1685,магазин 3,2020-07-27,15
1686,магазин 1,2020-07-27,50
1687,магазин 2,2020-07-27,10
1688,магазин 3,2020-07-28,11
1689,магазин 2,2020-07-28,12
1690,магазин 1,2020-07-28,63
1691,магазин 3,2020-07-29,16
1692,магазин 1,2020-07-29,64
1693,магазин 2,2020-07-29,13
1694,магазин 3,2020-07-30,20
1695,магазин 2,2020-07-30,12
1696,магазин 1,2020-07-30,80
1697,магазин 1,2020-07-31,80
1698,магазин 3,2020-07-31,16
1699,магазин 2,2020-07-31,16
1700,магазин 1,2020-08-01,76
1701,магазин 3,2020-08-01,10
1702,магазин 2,2020-08-01,9
1703,магазин 3,2020-08-02,8
1704,магазин 1,2020-08-02,72
1705,магазин 2,2020-08-02,4
1706,магазин 2,2020-08-03,6
1707,магазин 3,2020-08-03,4
1708,магазин 1,2020-08-03,82
1709,магазин 2,2020-08-04,13
1710,магазин 1,2020-08-04,71
1711,магазин 3,2020-08-04,16
1712,магазин 2,2020-08-05,10
1713,магазин 3,2020-08-05,8
1714,магазин 1,2020-08-05,69
1715,магазин 3,2020-08-06,9
1716,магазин 1,2020-08-06,53
1717,магазин 2,2020-08-06,16
1718,магазин 3,2020-08-07,15
1719,магазин 2,2020-08-07,14
1720,магазин 1,2020-08-07,65
1721,магазин 2,2020-08-08,12
1722,магазин 1,2020-08-08,82
1723,магазин 3,2020-08-08,19
1724,магазин 1,2020-08-09,97
1725,магазин 2,2020-08-09,12
1726,магазин 3,2020-08-09,16
1727,магазин 3,2020-08-10,5
1728,магазин 1,2020-08-10,58
1729,магазин 2,2020-08-10,24
1730,магазин 3,2020-08-11,21
1731,магазин 1,2020-08-11,52
1732,магазин 2,2020-08-11,18
1733,магазин 1,2020-08-12,59
1734,магазин 3,2020-08-12,13
1735,магазин 2,2020-08-12,13
1736,магазин 2,2020-08-13,19
1737,магазин 1,2020-08-13,73
1738,магазин 3,2020-08-13,13
1739,магазин 1,2020-08-14,63
1740,магазин 2,2020-08-14,13
1741,магазин 3,2020-08-14,20
1742,магазин 1,2020-08-15,77
1743,магазин 3,2020-08-15,8
1744,магазин 2,2020-08-15,19
1745,магазин 2,2020-08-16,14
1746,магазин 1,2020-08-16,82
1747,магазин 3,2020-08-16,10
1748,магазин 2,2020-08-17,14
1749,магазин 3,2020-08-17,15
1750,магазин 1,2020-08-17,78
1751,магазин 1,2020-08-18,71
1752,магазин 3,2020-08-18,8
1753,магазин 2,2020-08-18,14
1754,магазин 3,2020-08-19,10
1755,магазин 1,2020-08-19,79
1756,магазин 2,2020-08-19,8
1757,магазин 2,2020-08-20,12
1758,магазин 1,2020-08-20,75
1759,магазин 3,2020-08-20,10
1760,магазин 1,2020-08-21,73
1761,магазин 3,2020-08-21,9
1762,магазин 2,2020-08-21,17
1763,магазин 3,2020-08-22,12
1764,магазин 1,2020-08-22,73
1765,магазин 2,2020-08-22,13
1766,магазин 1,2020-08-23,93
1767,магазин 2,2020-08-23,12
1768,магазин 3,2020-08-23,10
1769,магазин 2,2020-08-24,23
1770,магазин 3,2020-08-24,12
1771,магазин 1,2020-08-24,86
1772,магазин 3,2020-08-25,14
1773,магазин 2,2020-08-25,20
1774,магазин 1,2020-08-25,80
1775,магазин 3,2020-08-26,10
1776,магазин 2,2020-08-26,32
1777,магазин 1,2020-08-26,83
1778,магазин 2,2020-08-27,9
1779,магазин 3,2020-08-27,11
1780,магазин 1,2020-08-27,69
1781,магазин 2,2020-08-28,27
1782,магазин 3,2020-08-28,14
1783,магазин 1,2020-08-28,65
1784,магазин 3,2020-08-29,18
1785,магазин 2,2020-08-29,13
1786,магазин 1,2020-08-29,99
1787,магазин 1,2020-08-30,86
1788,магазин 3,2020-08-30,13
1789,магазин 2,2020-08-30,13
1790,магазин 1,2020-08-31,63
1791,магазин 2,2020-08-31,13
1792,магазин 3,2020-08-31,2
1793,магазин 1,2020-09-01,84
1794,магазин 2,2020-09-01,18
1795,магазин 3,2020-09-01,10
1796,магазин 2,2020-09-02,9
1797,магазин 1,2020-09-02,87
1798,магазин 3,2020-09-02,11
1799,магазин 1,2020-09-03,58
1800,магазин 2,2020-09-03,15
1801,магазин 3,2020-09-03,8
1802,магазин 3,2020-09-04,11
1803,магазин 2,2020-09-04,12
1804,магазин 1,2020-09-04,75
1805,магазин 2,2020-09-05,18
1806,магазин 3,2020-09-05,13
1807,магазин 1,2020-09-05,126
1808,магазин 2,2020-09-06,6
1809,магазин 3,2020-09-06,10
1810,магазин 1,2020-09-06,83
1811,магазин 2,2020-09-07,21
1812,магазин 1,2020-09-07,70
1813,магазин 3,2020-09-07,13
1814,магазин 3,2020-09-08,7
1815,магазин 2,2020-09-08,13
1816,магазин 1,2020-09-08,71
1817,магазин 3,2020-09-09,21
1818,магазин 1,2020-09-09,77
1819,магазин 2,2020-09-09,6
1820,магазин 1,2020-09-10,80
1821,магазин 2,2020-09-10,15
1822,магазин 3,2020-09-10,10
1823,магазин 3,2020-09-11,8
1824,магазин 1,2020-09-11,82
1825,магазин 2,2020-09-11,11
1826,магазин 3,2020-09-12,16
1827,магазин 2,2020-09-12,11
1828,магазин 1,2020-09-12,120
1829,магазин 3,2020-09-13,12
1830,магазин 1,2020-09-13,117
1831,магазин 2,2020-09-13,16
1832,магазин 3,2020-09-14,5
1833,магазин 1,2020-09-14,70
1834,магазин 2,2020-09-14,21
1835,магазин 3,2020-09-15,12
1836,магазин 1,2020-09-15,67
1837,магазин 2,2020-09-15,10
1838,магазин 2,2020-09-16,23
1839,магазин 3,2020-09-16,11
1840,магазин 1,2020-09-16,77
1841,магазин 3,2020-09-17,12
1842,магазин 2,2020-09-17,19
1843,магазин 1,2020-09-17,97
1844,магазин 2,2020-09-18,20
1845,магазин 1,2020-09-18,75
1846,магазин 3,2020-09-18,10
1847,магазин 2,2020-09-19,15
1848,магазин 3,2020-09-19,18
1849,магазин 1,2020-09-19,85
1850,магазин 1,2020-09-20,91
1851,магазин 2,2020-09-20,20
1852,магазин 3,2020-09-20,22
1853,магазин 2,2020-09-21,10
1854,магазин 1,2020-09-21,74
1855,магазин 3,2020-09-21,12
1856,магазин 1,2020-09-22,48
1857,магазин 2,2020-09-22,24
1858,магазин 3,2020-09-22,14
1859,магазин 3,2020-09-23,12
1860,магазин 2,2020-09-23,15
1861,магазин 1,2020-09-23,70
1862,магазин 2,2020-09-24,12
1863,магазин 1,2020-09-24,68
1864,магазин 3,2020-09-24,11
1865,магазин 1,2020-09-25,56
1866,магазин 2,2020-09-25,13
1867,магазин 3,2020-09-25,10
1868,магазин 3,2020-09-26,5
1869,магазин 1,2020-09-26,80
1870,магазин 2,2020-09-26,9
1871,магазин 3,2020-09-27,10
1872,магазин 1,2020-09-27,62
1873,магазин 2,2020-09-27,14
1874,магазин 3,2020-09-28,5
1875,магазин 1,2020-09-28,52
1876,магазин 2,2020-09-28,14
1877,магазин 3,2020-09-29,8
1878,магазин 1,2020-09-29,65
1879,магазин 2,2020-09-29,18
1880,магазин 3,2020-09-30,8
1881,магазин 2,2020-09-30,21
1882,магазин 1,2020-09-30,55
1883,магазин 2,2020-10-01,14
1884,магазин 1,2020-10-01,64
1885,магазин 3,2020-10-01,4
1886,магазин 3,2020-10-02,13
1887,магазин 2,2020-10-02,10
1888,магазин 1,2020-10-02,88
1889,магазин 3,2020-10-03,8
1890,магазин 1,2020-10-03,94
1891,магазин 2,2020-10-03,9
1892,магазин 2,2020-10-04,7
1893,магазин 3,2020-10-04,13
1894,магазин 1,2020-10-04,83
1895,магазин 1,2020-10-05,71
1896,магазин 2,2020-10-05,9
1897,магазин 3,2020-10-05,10
1898,магазин 3,2020-10-06,16
1899,магазин 2,2020-10-06,7
1900,магазин 1,2020-10-06,75
1901,магазин 3,2020-10-07,6
1902,магазин 1,2020-10-07,70
1903,магазин 2,2020-10-07,12
1904,магазин 2,2020-10-08,15
1905,магазин 3,2020-10-08,19
1906,магазин 1,2020-10-08,68
1907,магазин 1,2020-10-09,66
1908,магазин 2,2020-10-09,15
1909,магазин 3,2020-10-09,18
1910,магазин 2,2020-10-10,14
1911,магазин 3,2020-10-10,13
1912,магазин 1,2020-10-10,71
1913,магазин 1,2020-10-11,84
1914,магазин 3,2020-10-11,6
1915,магазин 2,2020-10-11,9
1916,магазин 1,2020-10-12,57
1917,магазин 2,2020-10-12,8
1918,магазин 3,2020-10-12,6
1919,магазин 3,2020-10-13,15
1920,магазин 1,2020-10-13,71
1921,магазин 2,2020-10-13,9
1922,магазин 1,2020-10-14,80
1923,магазин 2,2020-10-14,11
1924,магазин 3,2020-10-14,12
1925,магазин 3,2020-10-15,8
1926,магазин 1,2020-10-15,70
1927,магазин 2,2020-10-15,10
1928,магазин 2,2020-10-16,8
1929,магазин 3,2020-10-16,6
1930,магазин 1,2020-10-16,68
1931,магазин 2,2020-10-17,8
1932,магазин 1,2020-10-17,91
1933,магазин 3,2020-10-17,4
1934,магазин 2,2020-10-18,11
1935,магазин 3,2020-10-18,14
1936,магазин 1,2020-10-18,97
1937,магазин 1,2020-10-19,46
1938,магазин 2,2020-10-19,9
1939,магазин 3,2020-10-19,11
1940,магазин 2,2020-10-20,12
1941,магазин 3,2020-10-20,8
1942,магазин 1,2020-10-20,76
1943,магазин 2,2020-10-21,5
1944,магазин 1,2020-10-21,83
1945,магазин 3,2020-10-21,9
1946,магазин 2,2020-10-22,17
1947,магазин 3,2020-10-22,7
1948,магазин 1,2020-10-22,66
1949,магазин 1,2020-10-23,66
1950,магазин 3,2020-10-23,10
1951,магазин 2,2020-10-23,7
1952,магазин 3,2020-10-24,8
1953,магазин 1,2020-10-24,88
1954,магазин 2,2020-10-24,10
1955,магазин 1,2020-10-25,110
1956,магазин 2,2020-10-25,5
1957,магазин 3,2020-10-25,12
1958,магазин 3,2020-10-26,8
1959,магазин 1,2020-10-26,51
1960,магазин 2,2020-10-26,1
1961,магазин 2,2020-10-27,17
1962,магазин 3,2020-10-27,11
1963,магазин 1,2020-10-27,58
1964,магазин 3,2020-10-28,9
1965,магазин 1,2020-10-28,59
1966,магазин 2,2020-10-28,10
1967,магазин 3,2020-10-29,9
1968,магазин 2,2020-10-29,16
1969,магазин 1,2020-10-29,77
1970,магазин 3,2020-10-30,3
1971,магазин 2,2020-10-30,12
1972,магазин 1,2020-10-30,63
1973,магазин 2,2020-10-31,12
1974,магазин 1,2020-10-31,95
1975,магазин 3,2020-10-31,6
1976,магазин 1,2020-11-01,76
1977,магазин 3,2020-11-01,11
1978,магазин 2,2020-11-01,18
1979,магазин 1,2020-11-02,54
1980,магазин 3,2020-11-02,4
1981,магазин 2,2020-11-02,7
1982,магазин 3,2020-11-03,6
1983,магазин 1,2020-11-03,70
1984,магазин 2,2020-11-03,11
1985,магазин 2,2020-11-04,10
1986,магазин 3,2020-11-04,9
1987,магазин 1,2020-11-04,97
1988,магазин 2,2020-11-05,14
1989,магазин 1,2020-11-05,70
1990,магазин 3,2020-11-05,7
1991,магазин 1,2020-11-06,50
1992,магазин 2,2020-11-06,11
1993,магазин 3,2020-11-06,16
1994,магазин 2,2020-11-07,16
1995,магазин 1,2020-11-07,85
1996,магазин 3,2020-11-07,12
1997,магазин 1,2020-11-08,93
1998,магазин 3,2020-11-08,4
1999,магазин 2,2020-11-08,6
2000,магазин 2,2020-11-09,5
2001,магазин 3,2020-11-09,12
2002,магазин 1,2020-11-09,48
2003,магазин 1,2020-11-10,85
2004,магазин 2,2020-11-10,16
2005,магазин 3,2020-11-10,9
2006,магазин 1,2020-11-11,78
2007,магазин 3,2020-11-11,5
2008,магазин 2,2020-11-11,14
2009,магазин 1,2020-11-12,63
2010,магазин 3,2020-11-12,7
2011,магазин 2,2020-11-12,10
2012,магазин 3,2020-11-13,9
2013,магазин 1,2020-11-13,82
2014,магазин 2,2020-11-13,9
2015,магазин 2,2020-11-14,20
2016,магазин 1,2020-11-14,101
2017,магазин 3,2020-11-14,11
2018,магазин 3,2020-11-15,5
2019,магазин 2,2020-11-15,12
2020,магазин 1,2020-11-15,103
2021,магазин 1,2020-11-16,69
2022,магазин 2,2020-11-16,20
2023,магазин 3,2020-11-16,13
2024,магазин 3,2020-11-17,10
2025,магазин 2,2020-11-17,10
2026,магазин 1,2020-11-17,55
2027,магазин 2,2020-11-18,8
2028,магазин 1,2020-11-18,59
2029,магазин 3,2020-11-18,9
2030,магазин 1,2020-11-19,31
2031,магазин 3,2020-11-19,9
2032,магазин 2,2020-11-19,2
2033,магазин 3,2020-11-20,18
2034,магазин 2,2020-11-20,14
2035,магазин 1,2020-11-20,59
2036,магазин 1,2020-11-21,86
2037,магазин 2,2020-11-21,15
2038,магазин 3,2020-11-21,9
2039,магазин 2,2020-11-22,17
2040,магазин 3,2020-11-22,10
2041,магазин 1,2020-11-22,73
2042,магазин 2,2020-11-23,5
2043,магазин 3,2020-11-23,7
2044,магазин 1,2020-11-23,59
2045,магазин 2,2020-11-24,13
2046,магазин 3,2020-11-24,9
2047,магазин 1,2020-11-24,68
2048,магазин 3,2020-11-25,8
2049,магазин 1,2020-11-25,81
2050,магазин 2,2020-11-25,8
2051,магазин 2,2020-11-26,2
2052,магазин 1,2020-11-26,87
2053,магазин 3,2020-11-26,10
2054,магазин 2,2020-11-27,15
2055,магазин 3,2020-11-27,13
2056,магазин 1,2020-11-27,74
2057,магазин 1,2020-11-28,100
2058,магазин 3,2020-11-28,4
2059,магазин 2,2020-11-29,6
2060,магазин 1,2020-11-29,113
2061,магазин 3,2020-11-29,16
2062,магазин 2,2020-11-30,5
2063,магазин 1,2020-11-30,46
2064,магазин 3,2020-11-30,10
2065,магазин 3,2020-12-01,11
2066,магазин 2,2020-12-01,9
2067,магазин 1,2020-12-01,61
2068,магазин 1,2020-12-02,69
2069,магазин 3,2020-12-02,7
2070,магазин 2,2020-12-02,12
2071,магазин 3,2020-12-03,6
2072,магазин 2,2020-12-03,9
2073,магазин 1,2020-12-03,82
2074,магазин 2,2020-12-04,8
2075,магазин 1,2020-12-04,68
2076,магазин 3,2020-12-04,7
2077,магазин 3,2020-12-05,10
2078,магазин 1,2020-12-05,132
2079,магазин 2,2020-12-05,8
2080,магазин 3,2020-12-06,10
2081,магазин 2,2020-12-06,25
2082,магазин 1,2020-12-06,116
2083,магазин 3,2020-12-07,18
2084,магазин 2,2020-12-07,8
2085,магазин 1,2020-12-07,60
2086,магазин 3,2020-12-08,12
2087,магазин 2,2020-12-08,9
2088,магазин 1,2020-12-08,61
2089,магазин 2,2020-12-09,14
2090,магазин 1,2020-12-09,75
2091,магазин 3,2020-12-09,13
2092,магазин 3,2020-12-10,5
2093,магазин 2,2020-12-10,18
2094,магазин 1,2020-12-10,89
2095,магазин 3,2020-12-11,20
2096,магазин 1,2020-12-11,65
2097,магазин 2,2020-12-11,21
2098,магазин 2,2020-12-12,20
2099,магазин 3,2020-12-12,17
2100,магазин 1,2020-12-12,129
2101,магазин 3,2020-12-13,11
2102,магазин 2,2020-12-13,15
2103,магазин 1,2020-12-13,119
2104,магазин 2,2020-12-14,8
2105,магазин 1,2020-12-14,88
2106,магазин 3,2020-12-14,13
2107,магазин 3,2020-12-15,16
2108,магазин 1,2020-12-15,93
2109,магазин 2,2020-12-15,29
2110,магазин 2,2020-12-16,19
2111,магазин 3,2020-12-16,12
2112,магазин 1,2020-12-16,85
2113,магазин 1,2020-12-17,93
2114,магазин 3,2020-12-17,22
2115,магазин 2,2020-12-17,11
2116,магазин 3,2020-12-18,13
2117,магазин 1,2020-12-18,80
2118,магазин 2,2020-12-18,26
2119,магазин 2,2020-12-19,19
2120,магазин 3,2020-12-19,17
2121,магазин 1,2020-12-19,157
2122,магазин 2,2020-12-20,33
2123,магазин 3,2020-12-20,22
2124,магазин 1,2020-12-20,171
2125,магазин 1,2020-12-21,101
2126,магазин 2,2020-12-21,14
2127,магазин 3,2020-12-21,7
2128,магазин 2,2020-12-22,22
2129,магазин 1,2020-12-22,96
2130,магазин 3,2020-12-22,14
2131,магазин 1,2020-12-23,94
2132,магазин 3,2020-12-23,26
2133,магазин 2,2020-12-23,12
2134,магазин 1,2020-12-24,102
2135,магазин 2,2020-12-24,18
2136,магазин 3,2020-12-24,17
2137,магазин 3,2020-12-25,25
2138,магазин 2,2020-12-25,31
2139,магазин 1,2020-12-25,139
2140,магазин 1,2020-12-26,194
2141,магазин 3,2020-12-26,20
2142,магазин 2,2020-12-26,22
2143,магазин 1,2020-12-27,258
2144,магазин 2,2020-12-27,24
2145,магазин 3,2020-12-27,43
2146,магазин 2,2020-12-28,25
2147,магазин 1,2020-12-28,155
2148,магазин 3,2020-12-28,26
2149,магазин 1,2020-12-29,213
2150,магазин 2,2020-12-29,37
2151,магазин 3,2020-12-29,11
2152,магазин 3,2020-12-30,33
2153,магазин 2,2020-12-30,33
2154,магазин 1,2020-12-30,240
2155,магазин 2,2020-12-31,30
2156,магазин 1,2020-12-31,269
2157,магазин 3,2020-12-31,29
2158,магазин 3,2021-01-02,5
2159,магазин 1,2021-01-02,113
2160,магазин 2,2021-01-02,6
2161,магазин 3,2021-01-03,3
2162,магазин 1,2021-01-03,117
2163,магазин 2,2021-01-03,3
2164,магазин 3,2021-01-04,14
2165,магазин 1,2021-01-04,86
2166,магазин 2,2021-01-04,14
2167,магазин 1,2021-01-05,101
2168,магазин 2,2021-01-05,6
2169,магазин 3,2021-01-05,7
2170,магазин 2,2021-01-06,19
2171,магазин 3,2021-01-06,5
2172,магазин 1,2021-01-06,93
2173,магазин 1,2021-01-07,110
2174,магазин 3,2021-01-07,13
2175,магазин 2,2021-01-07,6
2176,магазин 1,2021-01-08,100
2177,магазин 2,2021-01-08,12
2178,магазин 3,2021-01-08,4
2179,магазин 2,2021-01-09,15
2180,магазин 3,2021-01-09,7
2181,магазин 1,2021-01-09,112
2182,магазин 3,2021-01-10,3
2183,магазин 1,2021-01-10,98
2184,магазин 2,2021-01-10,7
2185,магазин 2,2021-01-11,18
2186,магазин 3,2021-01-11,11
2187,магазин 1,2021-01-11,65
2188,магазин 3,2021-01-12,15
2189,магазин 2,2021-01-12,16
2190,магазин 1,2021-01-12,61
2191,магазин 2,2021-01-13,7
2192,магазин 1,2021-01-13,95
2193,магазин 3,2021-01-13,8
2194,магазин 3,2021-01-14,10
2195,магазин 1,2021-01-14,57
2196,магазин 2,2021-01-14,9
2197,магазин 1,2021-01-15,58
2198,магазин 3,2021-01-15,8
2199,магазин 2,2021-01-15,5
2200,магазин 2,2021-01-16,10
2201,магазин 1,2021-01-16,85
2202,магазин 3,2021-01-16,8
2203,магазин 2,2021-01-17,12
2204,магазин 1,2021-01-17,126
2205,магазин 3,2021-01-17,3
2206,магазин 2,2021-01-18,8
2207,магазин 3,2021-01-18,8
2208,магазин 1,2021-01-18,63
2209,магазин 3,2021-01-19,6
2210,магазин 1,2021-01-19,78
2211,магазин 2,2021-01-19,9
2212,магазин 3,2021-01-20,16
2213,магазин 1,2021-01-20,84
2214,магазин 2,2021-01-20,11
2215,магазин 2,2021-01-21,10
2216,магазин 3,2021-01-21,13
2217,магазин 1,2021-01-21,51
2218,магазин 3,2021-01-22,14
2219,магазин 1,2021-01-22,60
2220,магазин 2,2021-01-22,10
2221,магазин 2,2021-01-23,6
2222,магазин 3,2021-01-23,3
2223,магазин 1,2021-01-23,81
2224,магазин 2,2021-01-24,13
2225,магазин 1,2021-01-24,93
2226,магазин 3,2021-01-25,5
2227,магазин 2,2021-01-25,6
2228,магазин 1,2021-01-25,53
2229,магазин 1,2021-01-26,50
2230,магазин 2,2021-01-26,14
2231,магазин 3,2021-01-26,9
2232,магазин 1,2021-01-27,55
2233,магазин 2,2021-01-27,11
2234,магазин 3,2021-01-27,10
2235,магазин 1,2021-01-28,44
2236,магазин 3,2021-01-28,6
2237,магазин 2,2021-01-28,12
2238,магазин 1,2021-01-29,54
2239,магазин 2,2021-01-29,8
2240,магазин 3,2021-01-29,5
2241,магазин 1,2021-01-30,88
2242,магазин 3,2021-01-30,11
2243,магазин 2,2021-01-30,8
2244,магазин 3,2021-01-31,7
2245,магазин 2,2021-01-31,12
2246,магазин 1,2021-01-31,81
2247,магазин 2,2021-02-01,11
2248,магазин 1,2021-02-01,55
2249,магазин 3,2021-02-01,3
2250,магазин 3,2021-02-02,6
2251,магазин 1,2021-02-02,56
2252,магазин 2,2021-02-02,12
2253,магазин 1,2021-02-03,54
2254,магазин 2,2021-02-03,12
2255,магазин 3,2021-02-03,8
2256,магазин 3,2021-02-04,6
2257,магазин 2,2021-02-04,13
2258,магазин 1,2021-02-04,77
2259,магазин 1,2021-02-05,56
2260,магазин 2,2021-02-05,6
2261,магазин 3,2021-02-05,10
2262,магазин 1,2021-02-06,111
2263,магазин 2,2021-02-06,15
2264,магазин 3,2021-02-06,7
2265,магазин 3,2021-02-07,6
2266,магазин 2,2021-02-07,11
2267,магазин 1,2021-02-07,74
2268,магазин 2,2021-02-08,26
2269,магазин 1,2021-02-08,55
2270,магазин 3,2021-02-08,9
2271,магазин 2,2021-02-09,29
2272,магазин 1,2021-02-09,50
2273,магазин 3,2021-02-09,18
2274,магазин 1,2021-02-10,87
2275,магазин 3,2021-02-10,4
2276,магазин 2,2021-02-10,18
2277,магазин 1,2021-02-11,53
2278,магазин 2,2021-02-11,11
2279,магазин 3,2021-02-11,13
2280,магазин 2,2021-02-12,24
2281,магазин 3,2021-02-12,6
2282,магазин 1,2021-02-12,70
2283,магазин 1,2021-02-13,100
2284,магазин 2,2021-02-13,43
2285,магазин 3,2021-02-13,6
2286,магазин 1,2021-02-14,105
2287,магазин 2,2021-02-14,29
2288,магазин 3,2021-02-14,6
2289,магазин 3,2021-02-15,9
2290,магазин 1,2021-02-15,43
2291,магазин 2,2021-02-15,14
2292,магазин 1,2021-02-16,51
2293,магазин 2,2021-02-16,22
2294,магазин 3,2021-02-16,13
2295,магазин 3,2021-02-17,11
2296,магазин 2,2021-02-17,12
2297,магазин 1,2021-02-17,64
2298,магазин 2,2021-02-18,15
2299,магазин 3,2021-02-18,3
2300,магазин 1,2021-02-18,47
2301,магазин 3,2021-02-19,22
2302,магазин 1,2021-02-19,91
2303,магазин 2,2021-02-19,40
2304,магазин 3,2021-02-20,14
2305,магазин 2,2021-02-20,27
2306,магазин 1,2021-02-20,89
2307,магазин 1,2021-02-21,110
2308,магазин 2,2021-02-21,37
2309,магазин 3,2021-02-21,12
2310,магазин 3,2021-02-22,28
2311,магазин 1,2021-02-22,98
2312,магазин 2,2021-02-22,31
2313,магазин 1,2021-02-23,99
2314,магазин 3,2021-02-23,11
2315,магазин 2,2021-02-23,25
2316,магазин 1,2021-02-24,60
2317,магазин 3,2021-02-24,8
2318,магазин 2,2021-02-24,17
2319,магазин 2,2021-02-25,14
2320,магазин 1,2021-02-25,70
2321,магазин 3,2021-02-25,10
2322,магазин 2,2021-02-26,22
2323,магазин 3,2021-02-26,13
2324,магазин 1,2021-02-26,74
2325,магазин 2,2021-02-27,15
2326,магазин 1,2021-02-27,93
2327,магазин 3,2021-02-27,6
2328,магазин 2,2021-02-28,20
2329,магазин 1,2021-02-28,68
2330,магазин 3,2021-02-28,9
2331,магазин 1,2021-03-01,49
2332,магазин 3,2021-03-01,13
2333,магазин 2,2021-03-01,11
2334,магазин 1,2021-03-02,54
2335,магазин 2,2021-03-02,10
2336,магазин 3,2021-03-02,4
2337,магазин 3,2021-03-03,4
2338,магазин 1,2021-03-03,73
2339,магазин 2,2021-03-03,22
2340,магазин 1,2021-03-04,77
2341,магазин 2,2021-03-04,17
2342,магазин 3,2021-03-04,6
2343,магазин 1,2021-03-05,77
2344,магазин 3,2021-03-05,12
2345,магазин 2,2021-03-05,10
2346,магазин 2,2021-03-06,33
2347,магазин 1,2021-03-06,138
2348,магазин 3,2021-03-06,14
2349,магазин 3,2021-03-07,11
2350,магазин 1,2021-03-07,128
2351,магазин 2,2021-03-07,24
2352,магазин 2,2021-03-08,39
2353,магазин 3,2021-03-08,17
2354,магазин 1,2021-03-08,113
2355,магазин 2,2021-03-09,17
2356,магазин 1,2021-03-09,55
2357,магазин 3,2021-03-09,10
2358,магазин 3,2021-03-10,5
2359,магазин 1,2021-03-10,62
2360,магазин 2,2021-03-10,15
2361,магазин 1,2021-03-11,77
2362,магазин 3,2021-03-11,13
2363,магазин 2,2021-03-11,11
2364,магазин 1,2021-03-12,70
2365,магазин 2,2021-03-12,20
2366,магазин 3,2021-03-12,7
2367,магазин 2,2021-03-13,26
2368,магазин 1,2021-03-13,86
2369,магазин 3,2021-03-13,8
2370,магазин 2,2021-03-14,11
2371,магазин 1,2021-03-14,84
2372,магазин 3,2021-03-14,6
2373,магазин 1,2021-03-15,72
2374,магазин 3,2021-03-15,11
2375,магазин 2,2021-03-15,20
2376,магазин 1,2021-03-16,49
2377,магазин 3,2021-03-16,7
2378,магазин 2,2021-03-16,28
2379,магазин 2,2021-03-17,17
2380,магазин 1,2021-03-17,58
2381,магазин 3,2021-03-17,7
2382,магазин 3,2021-03-18,10
2383,магазин 1,2021-03-18,67
2384,магазин 2,2021-03-18,17
2385,магазин 3,2021-03-19,12
2386,магазин 1,2021-03-19,60
2387,магазин 2,2021-03-19,21
2388,магазин 2,2021-03-20,28
2389,магазин 3,2021-03-20,16
2390,магазин 1,2021-03-20,94
2391,магазин 1,2021-03-21,90
2392,магазин 2,2021-03-21,33
2393,магазин 3,2021-03-21,13
2394,магазин 2,2021-03-22,14
2395,магазин 1,2021-03-22,52
2396,магазин 3,2021-03-22,10
2397,магазин 2,2021-03-23,11
2398,магазин 3,2021-03-23,8
2399,магазин 1,2021-03-23,49
2400,магазин 1,2021-03-24,56
2401,магазин 2,2021-03-24,12
2402,магазин 3,2021-03-24,13
2403,магазин 2,2021-03-25,11
2404,магазин 1,2021-03-25,44
2405,магазин 3,2021-03-25,3
2406,магазин 1,2021-03-26,57
2407,магазин 2,2021-03-26,18
2408,магазин 3,2021-03-26,10
2409,магазин 3,2021-03-27,14
2410,магазин 1,2021-03-27,108
2411,магазин 2,2021-03-27,14
2412,магазин 2,2021-03-28,18
2413,магазин 1,2021-03-28,61
2414,магазин 3,2021-03-28,12
2415,магазин 2,2021-03-29,16
2416,магазин 3,2021-03-29,12
2417,магазин 1,2021-03-29,50
2418,магазин 2,2021-03-30,19
2419,магазин 1,2021-03-30,44
2420,магазин 3,2021-03-30,4
2421,магазин 1,2021-03-31,60
2422,магазин 2,2021-03-31,20
2423,магазин 3,2021-03-31,5
2424,магазин 3,2021-04-01,7
2425,магазин 2,2021-04-01,20
2426,магазин 1,2021-04-01,57
2427,магазин 1,2021-04-02,61
2428,магазин 2,2021-04-02,12
2429,магазин 3,2021-04-02,17
2430,магазин 3,2021-04-03,12
2431,магазин 1,2021-04-03,82
2432,магазин 2,2021-04-03,20
2433,магазин 3,2021-04-04,11
2434,магазин 1,2021-04-04,77
2435,магазин 2,2021-04-04,12
2436,магазин 2,2021-04-05,17
2437,магазин 3,2021-04-05,14
2438,магазин 1,2021-04-05,56
2439,магазин 1,2021-04-06,53
2440,магазин 3,2021-04-06,9
2441,магазин 2,2021-04-06,19
2442,магазин 1,2021-04-07,56
2443,магазин 2,2021-04-07,14
2444,магазин 3,2021-04-07,15
2445,магазин 3,2021-04-08,5
2446,магазин 2,2021-04-08,12
2447,магазин 1,2021-04-08,59
2448,магазин 2,2021-04-09,20
2449,магазин 3,2021-04-09,16
2450,магазин 1,2021-04-09,40
2451,магазин 1,2021-04-10,78
2452,магазин 2,2021-04-10,16
2453,магазин 3,2021-04-10,9
2454,магазин 3,2021-04-11,8
2455,магазин 2,2021-04-11,14
2456,магазин 1,2021-04-11,65
2457,магазин 3,2021-04-12,13
2458,магазин 2,2021-04-12,11
2459,магазин 1,2021-04-12,64
2460,магазин 3,2021-04-13,13
2461,магазин 2,2021-04-13,11
2462,магазин 1,2021-04-13,43
2463,магазин 2,2021-04-14,17
2464,магазин 3,2021-04-14,15
2465,магазин 1,2021-04-14,48
2466,магазин 1,2021-04-15,51
2467,магазин 3,2021-04-15,8
2468,магазин 2,2021-04-15,16
2469,магазин 1,2021-04-16,49
2470,магазин 2,2021-04-16,20
2471,магазин 3,2021-04-16,8
2472,магазин 3,2021-04-17,15
2473,магазин 1,2021-04-17,77
2474,магазин 2,2021-04-17,14
2475,магазин 2,2021-04-18,19
2476,магазин 1,2021-04-18,80
2477,магазин 3,2021-04-18,7
2478,магазин 1,2021-04-19,48
2479,магазин 2,2021-04-19,13
2480,магазин 3,2021-04-19,14
2481,магазин 1,2021-04-20,45
2482,магазин 3,2021-04-20,14
2483,магазин 2,2021-04-20,18
2484,магазин 3,2021-04-21,4
2485,магазин 2,2021-04-21,15
2486,магазин 1,2021-04-21,46
2487,магазин 2,2021-04-22,18
2488,магазин 3,2021-04-22,13
2489,магазин 1,2021-04-22,56
2490,магазин 1,2021-04-23,58
2491,магазин 3,2021-04-23,8
2492,магазин 2,2021-04-23,15
2493,магазин 2,2021-04-24,13
2494,магазин 3,2021-04-24,10
2495,магазин 1,2021-04-24,73
2496,магазин 2,2021-04-25,20
2497,магазин 3,2021-04-25,10
2498,магазин 1,2021-04-25,59
2499,магазин 2,2021-04-26,8
2500,магазин 3,2021-04-26,17
2501,магазин 1,2021-04-26,47
2502,магазин 2,2021-04-27,17
2503,магазин 3,2021-04-27,5
2504,магазин 1,2021-04-27,41
2505,магазин 3,2021-04-28,11
2506,магазин 2,2021-04-28,17
2507,магазин 1,2021-04-28,62
2508,магазин 3,2021-04-29,6
2509,магазин 1,2021-04-29,45
2510,магазин 2,2021-04-29,12
2511,магазин 1,2021-04-30,52
2512,магазин 3,2021-04-30,13
2513,магазин 2,2021-04-30,21
2514,магазин 2,2021-05-01,20
2515,магазин 1,2021-05-01,68
2516,магазин 3,2021-05-01,5
2517,магазин 1,2021-05-02,62
2518,магазин 3,2021-05-02,4
2519,магазин 1,2021-05-03,69
2520,магазин 2,2021-05-03,19
2521,магазин 3,2021-05-03,8
2522,магазин 2,2021-05-04,19
2523,магазин 1,2021-05-04,67
2524,магазин 3,2021-05-04,7
2525,магазин 2,2021-05-05,18
2526,магазин 3,2021-05-05,7
2527,магазин 1,2021-05-05,61
2528,магазин 2,2021-05-06,52
2529,магазин 3,2021-05-06,7
2530,магазин 1,2021-05-06,58
2531,магазин 2,2021-05-07,48
2532,магазин 1,2021-05-07,85
2533,магазин 3,2021-05-07,7
2534,магазин 2,2021-05-08,29
2535,магазин 1,2021-05-08,76
2536,магазин 3,2021-05-08,9
2537,магазин 3,2021-05-09,6
2538,магазин 2,2021-05-09,25
2539,магазин 1,2021-05-09,54
2540,магазин 1,2021-05-10,60
2541,магазин 2,2021-05-10,28
2542,магазин 3,2021-05-10,25
2543,магазин 2,2021-05-11,22
2544,магазин 3,2021-05-11,9
2545,магазин 1,2021-05-11,52
2546,магазин 2,2021-05-12,23
2547,магазин 3,2021-05-12,10
2548,магазин 1,2021-05-12,49
2549,магазин 1,2021-05-13,72
2550,магазин 2,2021-05-13,16
2551,магазин 3,2021-05-13,9
2552,магазин 2,2021-05-14,33
2553,магазин 3,2021-05-14,8
2554,магазин 1,2021-05-14,74
2555,магазин 2,2021-05-15,26
2556,магазин 1,2021-05-15,67
2557,магазин 3,2021-05-15,7
2558,магазин 3,2021-05-16,4
2559,магазин 2,2021-05-16,14
2560,магазин 1,2021-05-16,65
2561,магазин 3,2021-05-17,13
2562,магазин 2,2021-05-17,37
2563,магазин 1,2021-05-17,63
2564,магазин 2,2021-05-18,31
2565,магазин 1,2021-05-18,57
2566,магазин 3,2021-05-18,5
2567,магазин 3,2021-05-19,9
2568,магазин 2,2021-05-19,35
2569,магазин 1,2021-05-19,81
2570,магазин 3,2021-05-20,4
2571,магазин 1,2021-05-20,59
2572,магазин 2,2021-05-20,35
2573,магазин 3,2021-05-21,4
2574,магазин 1,2021-05-21,56
2575,магазин 2,2021-05-21,29
2576,магазин 2,2021-05-22,36
2577,магазин 3,2021-05-22,7
2578,магазин 1,2021-05-22,58
2579,магазин 3,2021-05-23,4
2580,магазин 1,2021-05-23,84
2581,магазин 2,2021-05-23,30
2582,магазин 1,2021-05-24,72
2583,магазин 3,2021-05-24,12
2584,магазин 2,2021-05-24,36
2585,магазин 2,2021-05-25,44
2586,магазин 1,2021-05-25,60
2587,магазин 3,2021-05-25,5
2588,магазин 1,2021-05-26,51
2589,магазин 2,2021-05-26,28
2590,магазин 3,2021-05-26,6
2591,магазин 3,2021-05-27,5
2592,магазин 1,2021-05-27,77
2593,магазин 2,2021-05-27,20
2594,магазин 2,2021-05-28,26
2595,магазин 1,2021-05-28,67
2596,магазин 3,2021-05-28,10
2597,магазин 1,2021-05-29,70
2598,магазин 3,2021-05-29,12
2599,магазин 2,2021-05-29,18
2600,магазин 1,2021-05-30,54
2601,магазин 2,2021-05-30,32
2602,магазин 3,2021-05-30,7
2603,магазин 2,2021-05-31,27
2604,магазин 1,2021-05-31,47
2605,магазин 3,2021-05-31,14
